comparison,pathway,NES,FDR,NOM p-val
Endo AD vs CTRL,MSigDB Hallmark 2020  Interferon Gamma Response,-1.8848282540018624,0.0,0.0
Endo AD vs CTRL,MSigDB Hallmark 2020  Interferon Alpha Response,-1.8243087583414648,0.0398856297885983,0.0
Endo AD vs CTRL,MSigDB Hallmark 2020  KRAS Signaling Dn,-1.6817950473188603,0.3013580917360761,0.0
Endo AD vs CTRL,MSigDB Hallmark 2020  UV Response Up,-1.5673536400904835,0.5188348455565248,0.046875
Endo AD vs CTRL,MSigDB Hallmark 2020  KRAS Signaling Up,1.5492711085636892,0.9916684104281036,0.0
Endo AD vs CTRL,MSigDB Hallmark 2020  TNF-alpha Signaling via NF-kB,-1.5408089670740708,0.5259917428371402,0.0289855072463768
Endo AD vs CTRL,MSigDB Hallmark 2020  Oxidative Phosphorylation,1.4413852606926834,1.0,0.0833333333333333
Endo AD vs CTRL,MSigDB Hallmark 2020  Notch Signaling,-1.4333154424785737,0.495000362283808,0.0806451612903225
Endo AD vs CTRL,MSigDB Hallmark 2020  Apoptosis,-1.4244192863894096,0.5152090522397048,0.0144927536231884
Endo AD vs CTRL,MSigDB Hallmark 2020  Glycolysis,1.3542044237159063,1.0,0.0857142857142857
Endo AD vs CTRL,MSigDB Hallmark 2020  Epithelial Mesenchymal Transition,-1.335187079418196,0.686032832363891,0.0684931506849315
Endo AD vs CTRL,MSigDB Hallmark 2020  Xenobiotic Metabolism,1.3244381926969635,1.0,0.073170731707317
Endo AD vs CTRL,MSigDB Hallmark 2020  Inflammatory Response,-1.3118999844376746,0.6903656849809912,0.1538461538461538
Endo AD vs CTRL,MSigDB Hallmark 2020  Hedgehog Signaling,1.310533433352668,1.0,0.0555555555555555
Endo AD vs CTRL,MSigDB Hallmark 2020  Unfolded Protein Response,1.2731150308070898,1.0,0.1363636363636363
Endo AD vs CTRL,MSigDB Hallmark 2020  p53 Pathway,-1.2639940867768653,0.7490754647664547,0.15
Endo AD vs CTRL,MSigDB Hallmark 2020  Estrogen Response Early,-1.2599057326197869,0.7506859840876228,0.1527777777777778
Endo AD vs CTRL,MSigDB Hallmark 2020  Apical Junction,-1.2563371512711277,0.7502272743740314,0.1186440677966101
Endo AD vs CTRL,MSigDB Hallmark 2020  Complement,-1.2400956455671748,0.754361725097479,0.1666666666666666
Endo AD vs CTRL,MSigDB Hallmark 2020  Adipogenesis,-1.228133430876377,0.7636342416523625,0.15625
Endo AD vs CTRL,MSigDB Hallmark 2020  Apical Surface,-1.21828064708147,0.7820306906678588,0.2608695652173913
Endo AD vs CTRL,MSigDB Hallmark 2020  Allograft Rejection,-1.1316959429893163,0.8629259402176344,0.2575757575757575
Endo AD vs CTRL,MSigDB Hallmark 2020  Estrogen Response Late,-1.1253851712733407,0.8642996237996763,0.3561643835616438
Endo AD vs CTRL,MSigDB Hallmark 2020  Angiogenesis,-1.1183264030205995,0.8660484565965589,0.3684210526315789
Endo AD vs CTRL,MSigDB Hallmark 2020  DNA Repair,1.1112580560009666,1.0,0.325
Endo AD vs CTRL,MSigDB Hallmark 2020  E2F Targets,-1.1031704541932916,0.8706654007240872,0.3220338983050847
Endo AD vs CTRL,MSigDB Hallmark 2020  heme Metabolism,-1.0650626908060783,0.8822874968581126,0.3584905660377358
Endo AD vs CTRL,MSigDB Hallmark 2020  Reactive Oxygen Species Pathway,-1.0611753525658074,0.887246364595604,0.4285714285714285
Endo AD vs CTRL,MSigDB Hallmark 2020  PI3K/AKT/mTOR  Signaling,1.054899382840326,1.0,0.3414634146341463
Endo AD vs CTRL,MSigDB Hallmark 2020  Pancreas Beta Cells,-1.0527990611128866,0.891621398784505,0.4259259259259259
Endo AD vs CTRL,MSigDB Hallmark 2020  Cholesterol Homeostasis,-0.969856942025644,0.9504159025243736,0.5660377358490566
Endo AD vs CTRL,MSigDB Hallmark 2020  Fatty Acid Metabolism,-0.9576996881629788,0.953081303322908,0.5172413793103449
Endo AD vs CTRL,MSigDB Hallmark 2020  mTORC1 Signaling,0.9328469664962432,1.0,0.5357142857142857
Endo AD vs CTRL,MSigDB Hallmark 2020  Bile Acid Metabolism,-0.930917196129776,0.9643759885906984,0.5961538461538461
Endo AD vs CTRL,MSigDB Hallmark 2020  Coagulation,0.925534472845557,1.0,0.55
Endo AD vs CTRL,MSigDB Hallmark 2020  Pperoxisome,0.923874909448892,1.0,0.5416666666666666
Endo AD vs CTRL,MSigDB Hallmark 2020  Hypoxia,0.888902533413167,1.0,0.6571428571428571
Endo AD vs CTRL,MSigDB Hallmark 2020  Mitotic Spindle,0.8282086979754129,1.0,0.9736842105263158
Endo AD vs CTRL,MSigDB Hallmark 2020  IL-6/JAK/STAT3 Signaling,-0.816158128817552,1.0,0.7301587301587301
Endo AD vs CTRL,MSigDB Hallmark 2020  Myc Targets V1,0.8110818968995477,1.0,0.7647058823529411
Endo AD vs CTRL,MSigDB Hallmark 2020  Spermatogenesis,0.8017900012827017,1.0,0.7297297297297297
Endo AD vs CTRL,MSigDB Hallmark 2020  IL-2/STAT5 Signaling,-0.7904898490489158,1.0,0.7647058823529411
Endo AD vs CTRL,MSigDB Hallmark 2020  Myogenesis,0.7865254052323036,1.0,0.6511627906976745
Endo AD vs CTRL,MSigDB Hallmark 2020  Protein Secretion,-0.7852442428709672,1.0,0.7368421052631579
Endo AD vs CTRL,MSigDB Hallmark 2020  UV Response Dn,-0.7416851890331803,1.0,0.9402985074626866
Endo AD vs CTRL,MSigDB Hallmark 2020  Androgen Response,0.7206933856606451,1.0,0.9411764705882352
Endo AD vs CTRL,MSigDB Hallmark 2020  Myc Targets V2,0.6824011386965212,1.0,0.8333333333333334
Endo AD vs CTRL,MSigDB Hallmark 2020  Wnt-beta Catenin Signaling,0.6436500885279401,1.0,0.875
Endo AD vs CTRL,MSigDB Hallmark 2020  G2-M Checkpoint,0.6210239800583561,1.0,1.0
Endo AD vs CTRL,MSigDB Hallmark 2020  TGF-beta Signaling,-0.5148148985550269,1.0,1.0
OPC AD vs CTRL,MSigDB Hallmark 2020  Apical Junction,1.6894204829306991,0.7367353566402621,0.0
OPC AD vs CTRL,MSigDB Hallmark 2020  IL-6/JAK/STAT3 Signaling,-1.5677143759765966,0.2529828563868513,0.0
OPC AD vs CTRL,MSigDB Hallmark 2020  IL-2/STAT5 Signaling,-1.4584787200707017,0.5652921522337376,0.0
OPC AD vs CTRL,MSigDB Hallmark 2020  Interferon Alpha Response,-1.4554166199402272,0.5579063819302694,0.0113636363636363
OPC AD vs CTRL,MSigDB Hallmark 2020  Interferon Gamma Response,-1.3907176163868684,0.8151444651366098,0.0109890109890109
OPC AD vs CTRL,MSigDB Hallmark 2020  TNF-alpha Signaling via NF-kB,-1.3652671422605498,0.9116689891532852,0.0217391304347826
OPC AD vs CTRL,MSigDB Hallmark 2020  Epithelial Mesenchymal Transition,-1.3549350879856774,0.9059645884831375,0.0212765957446808
OPC AD vs CTRL,MSigDB Hallmark 2020  Oxidative Phosphorylation,-1.32846800271502,0.9679139069096476,0.031578947368421
OPC AD vs CTRL,MSigDB Hallmark 2020  Apoptosis,-1.3147879104939348,1.0,0.0210526315789473
OPC AD vs CTRL,MSigDB Hallmark 2020  Mitotic Spindle,1.2815424462726364,0.8012051572659583,0.0
OPC AD vs CTRL,MSigDB Hallmark 2020  UV Response Dn,1.234326805990826,0.8151429708058244,0.125
OPC AD vs CTRL,MSigDB Hallmark 2020  Myc Targets V1,-1.202662846115225,1.0,0.0721649484536082
OPC AD vs CTRL,MSigDB Hallmark 2020  Apical Surface,1.177807462259418,0.7970177937193147,0.2727272727272727
OPC AD vs CTRL,MSigDB Hallmark 2020  Unfolded Protein Response,-1.1526780265954988,1.0,0.247191011235955
OPC AD vs CTRL,MSigDB Hallmark 2020  DNA Repair,-1.1293575219555911,1.0,0.1956521739130435
OPC AD vs CTRL,MSigDB Hallmark 2020  Estrogen Response Early,-1.1169316940376524,1.0,0.21875
OPC AD vs CTRL,MSigDB Hallmark 2020  Angiogenesis,-1.10125423684071,1.0,0.3188405797101449
OPC AD vs CTRL,MSigDB Hallmark 2020  Hypoxia,-1.095865577039324,1.0,0.25
OPC AD vs CTRL,MSigDB Hallmark 2020  Estrogen Response Late,-1.0840624206133835,1.0,0.3229166666666667
OPC AD vs CTRL,MSigDB Hallmark 2020  Glycolysis,-1.0822378665248715,1.0,0.3936170212765957
OPC AD vs CTRL,MSigDB Hallmark 2020  Reactive Oxygen Species Pathway,-1.0707981169869685,1.0,0.3580246913580246
OPC AD vs CTRL,MSigDB Hallmark 2020  Spermatogenesis,-1.0256862596395129,1.0,0.4823529411764706
OPC AD vs CTRL,MSigDB Hallmark 2020  Inflammatory Response,-1.0057945292335753,1.0,0.5
OPC AD vs CTRL,MSigDB Hallmark 2020  Myogenesis,-0.9961771210809384,1.0,0.4888888888888889
OPC AD vs CTRL,MSigDB Hallmark 2020  Notch Signaling,-0.9820750797291355,1.0,0.56
OPC AD vs CTRL,MSigDB Hallmark 2020  UV Response Up,-0.9554731994311716,1.0,0.5806451612903226
OPC AD vs CTRL,MSigDB Hallmark 2020  KRAS Signaling Up,-0.8950428756057905,1.0,0.7157894736842105
OPC AD vs CTRL,MSigDB Hallmark 2020  Cholesterol Homeostasis,0.8923945537962793,0.9377384707339016,0.5882352941176471
OPC AD vs CTRL,MSigDB Hallmark 2020  Adipogenesis,-0.8801463342753534,1.0,0.8041237113402062
OPC AD vs CTRL,MSigDB Hallmark 2020  KRAS Signaling Dn,-0.8741654603932951,1.0,0.75
OPC AD vs CTRL,MSigDB Hallmark 2020  Xenobiotic Metabolism,0.8609513447009172,0.9512049489954696,0.8333333333333334
OPC AD vs CTRL,MSigDB Hallmark 2020  PI3K/AKT/mTOR  Signaling,0.8277501919328444,0.965482428527152,1.0
OPC AD vs CTRL,MSigDB Hallmark 2020  p53 Pathway,-0.825660285316657,1.0,0.8315789473684211
OPC AD vs CTRL,MSigDB Hallmark 2020  Coagulation,-0.8250573374064103,1.0,0.8111111111111111
OPC AD vs CTRL,MSigDB Hallmark 2020  Complement,-0.8208174976529526,1.0,0.8260869565217391
OPC AD vs CTRL,MSigDB Hallmark 2020  Allograft Rejection,-0.8181804264032829,1.0,0.8043478260869565
OPC AD vs CTRL,MSigDB Hallmark 2020  Wnt-beta Catenin Signaling,-0.8089316502013004,1.0,0.7529411764705882
OPC AD vs CTRL,MSigDB Hallmark 2020  heme Metabolism,-0.7789020436639579,1.0,0.925531914893617
OPC AD vs CTRL,MSigDB Hallmark 2020  TGF-beta Signaling,-0.7777784288802385,1.0,0.8131868131868132
OPC AD vs CTRL,MSigDB Hallmark 2020  G2-M Checkpoint,-0.7661639906899472,1.0,0.8791208791208791
OPC AD vs CTRL,MSigDB Hallmark 2020  Myc Targets V2,0.7624328423532711,0.9895399593041866,1.0
OPC AD vs CTRL,MSigDB Hallmark 2020  Bile Acid Metabolism,-0.7133057009513663,1.0,0.9518072289156626
OPC AD vs CTRL,MSigDB Hallmark 2020  Protein Secretion,-0.7125723765077119,1.0,0.9659090909090908
OPC AD vs CTRL,MSigDB Hallmark 2020  E2F Targets,-0.6977796812304987,1.0,0.9555555555555556
OPC AD vs CTRL,MSigDB Hallmark 2020  Androgen Response,-0.6813742137430291,1.0,0.978021978021978
OPC AD vs CTRL,MSigDB Hallmark 2020  mTORC1 Signaling,-0.6775828452052239,1.0,0.967032967032967
OPC AD vs CTRL,MSigDB Hallmark 2020  Fatty Acid Metabolism,-0.6737593285903614,1.0,0.967741935483871
OPC AD vs CTRL,MSigDB Hallmark 2020  Hedgehog Signaling,-0.6653476427146955,1.0,0.9659090909090908
OPC AD vs CTRL,MSigDB Hallmark 2020  Pperoxisome,-0.605157463446037,1.0,0.9887640449438202
OPC AD vs CTRL,MSigDB Hallmark 2020  Pancreas Beta Cells,-0.5901979445336422,1.0,0.9863013698630136
Immune PD vs CTRL,MSigDB Hallmark 2020  TNF-alpha Signaling via NF-kB,-1.4931850823083568,0.9069470257228512,0.0
Immune PD vs CTRL,MSigDB Hallmark 2020  Estrogen Response Late,-1.3860149354211722,1.0,0.0
Immune PD vs CTRL,MSigDB Hallmark 2020  Hypoxia,-1.359157051596097,1.0,0.0
Immune PD vs CTRL,MSigDB Hallmark 2020  E2F Targets,-1.3115586716210954,1.0,0.0101010101010101
Immune PD vs CTRL,MSigDB Hallmark 2020  Epithelial Mesenchymal Transition,-1.2840537792695943,1.0,0.0404040404040404
Immune PD vs CTRL,MSigDB Hallmark 2020  Interferon Alpha Response,-1.2754028233159436,1.0,0.032258064516129
Immune PD vs CTRL,MSigDB Hallmark 2020  Pancreas Beta Cells,-1.2604540142112122,1.0,0.0625
Immune PD vs CTRL,MSigDB Hallmark 2020  Inflammatory Response,-1.2582288875722418,1.0,0.0505050505050505
Immune PD vs CTRL,MSigDB Hallmark 2020  Interferon Gamma Response,-1.2490440284996127,1.0,0.03
Immune PD vs CTRL,MSigDB Hallmark 2020  UV Response Up,-1.2421511028796,1.0,0.0927835051546391
Immune PD vs CTRL,MSigDB Hallmark 2020  Estrogen Response Early,-1.2391309465913627,1.0,0.0714285714285714
Immune PD vs CTRL,MSigDB Hallmark 2020  Apical Surface,-1.236440385474308,1.0,0.1927710843373494
Immune PD vs CTRL,MSigDB Hallmark 2020  Allograft Rejection,-1.2222087323778903,1.0,0.0816326530612244
Immune PD vs CTRL,MSigDB Hallmark 2020  IL-6/JAK/STAT3 Signaling,-1.1555971898925017,1.0,0.2580645161290322
Immune PD vs CTRL,MSigDB Hallmark 2020  Adipogenesis,-1.149288636068411,1.0,0.19
Immune PD vs CTRL,MSigDB Hallmark 2020  Unfolded Protein Response,-1.1488934425346942,1.0,0.1855670103092783
Immune PD vs CTRL,MSigDB Hallmark 2020  G2-M Checkpoint,-1.1480412756723453,1.0,0.1919191919191919
Immune PD vs CTRL,MSigDB Hallmark 2020  Apoptosis,-1.1433150283216165,1.0,0.2061855670103092
Immune PD vs CTRL,MSigDB Hallmark 2020  KRAS Signaling Dn,-1.1263419651696356,1.0,0.3298969072164948
Immune PD vs CTRL,MSigDB Hallmark 2020  mTORC1 Signaling,-1.095829287737916,1.0,0.2525252525252525
Immune PD vs CTRL,MSigDB Hallmark 2020  Oxidative Phosphorylation,-1.0785033572912357,1.0,0.3131313131313131
Immune PD vs CTRL,MSigDB Hallmark 2020  IL-2/STAT5 Signaling,-1.0711777716925364,1.0,0.3163265306122449
Immune PD vs CTRL,MSigDB Hallmark 2020  Spermatogenesis,-1.0512657621720485,1.0,0.4421052631578947
Immune PD vs CTRL,MSigDB Hallmark 2020  Fatty Acid Metabolism,-1.049927830576208,1.0,0.3684210526315789
Immune PD vs CTRL,MSigDB Hallmark 2020  Protein Secretion,-1.0383745643087656,1.0,0.4270833333333333
Immune PD vs CTRL,MSigDB Hallmark 2020  Glycolysis,-1.0310436573926434,1.0,0.4242424242424242
Immune PD vs CTRL,MSigDB Hallmark 2020  Notch Signaling,-1.0214055849809425,1.0,0.4651162790697674
Immune PD vs CTRL,MSigDB Hallmark 2020  Myc Targets V1,-0.9898636833861209,1.0,0.54
Immune PD vs CTRL,MSigDB Hallmark 2020  Pperoxisome,-0.985597384487412,1.0,0.5684210526315789
Immune PD vs CTRL,MSigDB Hallmark 2020  Myogenesis,-0.9594015633840428,1.0,0.6326530612244898
Immune PD vs CTRL,MSigDB Hallmark 2020  Bile Acid Metabolism,-0.9471741715265122,1.0,0.6153846153846154
Immune PD vs CTRL,MSigDB Hallmark 2020  Hedgehog Signaling,-0.939618024874594,1.0,0.6022727272727273
Immune PD vs CTRL,MSigDB Hallmark 2020  p53 Pathway,-0.9218920411831067,1.0,0.69
Immune PD vs CTRL,MSigDB Hallmark 2020  Androgen Response,-0.9186762754057916,1.0,0.6428571428571429
Immune PD vs CTRL,MSigDB Hallmark 2020  TGF-beta Signaling,-0.9126690661995548,1.0,0.6129032258064516
Immune PD vs CTRL,MSigDB Hallmark 2020  KRAS Signaling Up,-0.8648504987921898,1.0,0.7676767676767676
Immune PD vs CTRL,MSigDB Hallmark 2020  UV Response Dn,-0.8301152340523059,1.0,0.84375
Immune PD vs CTRL,MSigDB Hallmark 2020  Cholesterol Homeostasis,-0.818378269502608,1.0,0.7872340425531915
Immune PD vs CTRL,MSigDB Hallmark 2020  Myc Targets V2,0.812294271074872,1.0,0.8888888888888888
Immune PD vs CTRL,MSigDB Hallmark 2020  Xenobiotic Metabolism,-0.8048281670843673,1.0,0.826530612244898
Immune PD vs CTRL,MSigDB Hallmark 2020  Apical Junction,-0.80224823378937,1.0,0.865979381443299
Immune PD vs CTRL,MSigDB Hallmark 2020  Reactive Oxygen Species Pathway,0.8016178152434716,1.0,0.6666666666666666
Immune PD vs CTRL,MSigDB Hallmark 2020  Mitotic Spindle,-0.7681826620117763,1.0,0.9591836734693876
Immune PD vs CTRL,MSigDB Hallmark 2020  Angiogenesis,-0.7476436380759259,1.0,0.8690476190476191
Immune PD vs CTRL,MSigDB Hallmark 2020  PI3K/AKT/mTOR  Signaling,0.6850338628312923,1.0,1.0
Immune PD vs CTRL,MSigDB Hallmark 2020  Complement,-0.6448957007300531,1.0,0.9896907216494846
Immune PD vs CTRL,MSigDB Hallmark 2020  heme Metabolism,-0.6144995639585669,1.0,0.98989898989899
Immune PD vs CTRL,MSigDB Hallmark 2020  Coagulation,-0.5943108130419775,1.0,1.0
Immune PD vs CTRL,MSigDB Hallmark 2020  Wnt-beta Catenin Signaling,-0.576437251065172,1.0,0.9885057471264368
Immune PD vs CTRL,MSigDB Hallmark 2020  DNA Repair,-0.5692783699599819,1.0,1.0
Mural AD vs CTRL,MSigDB Hallmark 2020  Interferon Alpha Response,-1.703942299724841,0.7794095430802824,0.0
Mural AD vs CTRL,MSigDB Hallmark 2020  Coagulation,-1.5880228704470565,0.8285915356382897,0.0289855072463768
Mural AD vs CTRL,MSigDB Hallmark 2020  Interferon Gamma Response,-1.553713058611489,0.873651873452735,0.0128205128205128
Mural AD vs CTRL,MSigDB Hallmark 2020  Bile Acid Metabolism,-1.5351473130202609,0.8267242871072739,0.0142857142857142
Mural AD vs CTRL,MSigDB Hallmark 2020  Epithelial Mesenchymal Transition,-1.370441267202142,1.0,0.0253164556962025
Mural AD vs CTRL,MSigDB Hallmark 2020  Estrogen Response Early,-1.2779523321237525,1.0,0.1285714285714285
Mural AD vs CTRL,MSigDB Hallmark 2020  Reactive Oxygen Species Pathway,-1.2450092838192346,1.0,0.2586206896551724
Mural AD vs CTRL,MSigDB Hallmark 2020  Allograft Rejection,-1.2116385259924292,1.0,0.144927536231884
Mural AD vs CTRL,MSigDB Hallmark 2020  Myc Targets V2,-1.1922808471828057,1.0,0.1830985915492957
Mural AD vs CTRL,MSigDB Hallmark 2020  TGF-beta Signaling,1.1627384563556886,0.8664004843380593,0.28
Mural AD vs CTRL,MSigDB Hallmark 2020  Cholesterol Homeostasis,-1.1561420195136285,1.0,0.3076923076923077
Mural AD vs CTRL,MSigDB Hallmark 2020  Glycolysis,-1.1417110258108123,1.0,0.2297297297297297
Mural AD vs CTRL,MSigDB Hallmark 2020  Pancreas Beta Cells,-1.1375543589835118,1.0,0.3125
Mural AD vs CTRL,MSigDB Hallmark 2020  heme Metabolism,1.1345123626651403,0.8833766503602207,0.1724137931034483
Mural AD vs CTRL,MSigDB Hallmark 2020  mTORC1 Signaling,-1.1296943123213274,1.0,0.2375
Mural AD vs CTRL,MSigDB Hallmark 2020  Wnt-beta Catenin Signaling,1.126344396113897,0.8923794720290954,0.2926829268292683
Mural AD vs CTRL,MSigDB Hallmark 2020  Myogenesis,1.0910810252745893,0.9084045610596512,0.1875
Mural AD vs CTRL,MSigDB Hallmark 2020  Angiogenesis,-1.058886657306804,1.0,0.4406779661016949
Mural AD vs CTRL,MSigDB Hallmark 2020  Notch Signaling,1.0311427550517254,0.9386278926905116,0.4878048780487805
Mural AD vs CTRL,MSigDB Hallmark 2020  Xenobiotic Metabolism,-1.0154790431494574,1.0,0.4516129032258064
Mural AD vs CTRL,MSigDB Hallmark 2020  TNF-alpha Signaling via NF-kB,-0.9843649241287384,1.0,0.4375
Mural AD vs CTRL,MSigDB Hallmark 2020  Apoptosis,-0.9751187750154378,1.0,0.53125
Mural AD vs CTRL,MSigDB Hallmark 2020  UV Response Dn,-0.9625254334232924,1.0,0.524390243902439
Mural AD vs CTRL,MSigDB Hallmark 2020  Hypoxia,-0.9623265744431884,1.0,0.5070422535211268
Mural AD vs CTRL,MSigDB Hallmark 2020  Myc Targets V1,-0.9536683843788608,1.0,0.5285714285714286
Mural AD vs CTRL,MSigDB Hallmark 2020  Hedgehog Signaling,-0.949737689774227,1.0,0.5263157894736842
Mural AD vs CTRL,MSigDB Hallmark 2020  E2F Targets,-0.9276858405565502,1.0,0.5753424657534246
Mural AD vs CTRL,MSigDB Hallmark 2020  Spermatogenesis,-0.905349931312782,1.0,0.625
Mural AD vs CTRL,MSigDB Hallmark 2020  Unfolded Protein Response,-0.903733460648772,1.0,0.5147058823529411
Mural AD vs CTRL,MSigDB Hallmark 2020  KRAS Signaling Dn,-0.8991067502112202,1.0,0.6231884057971014
Mural AD vs CTRL,MSigDB Hallmark 2020  p53 Pathway,-0.8601947386200209,1.0,0.6666666666666666
Mural AD vs CTRL,MSigDB Hallmark 2020  Estrogen Response Late,-0.8536046042808261,1.0,0.6986301369863014
Mural AD vs CTRL,MSigDB Hallmark 2020  Pperoxisome,-0.8513180085252594,1.0,0.6818181818181818
Mural AD vs CTRL,MSigDB Hallmark 2020  IL-2/STAT5 Signaling,-0.8091287954646845,1.0,0.726027397260274
Mural AD vs CTRL,MSigDB Hallmark 2020  Complement,-0.7999079538989158,1.0,0.7681159420289855
Mural AD vs CTRL,MSigDB Hallmark 2020  Inflammatory Response,-0.7929172264756678,1.0,0.8194444444444444
Mural AD vs CTRL,MSigDB Hallmark 2020  DNA Repair,0.7853703425406708,0.993624074387416,0.8518518518518519
Mural AD vs CTRL,MSigDB Hallmark 2020  Apical Junction,-0.7638521356932476,1.0,0.88
Mural AD vs CTRL,MSigDB Hallmark 2020  PI3K/AKT/mTOR  Signaling,0.7599818867407445,0.9990064693612436,0.9411764705882352
Mural AD vs CTRL,MSigDB Hallmark 2020  KRAS Signaling Up,-0.7589925111433555,1.0,0.8701298701298701
Mural AD vs CTRL,MSigDB Hallmark 2020  Androgen Response,-0.7586550068199038,1.0,0.8873239436619719
Mural AD vs CTRL,MSigDB Hallmark 2020  Adipogenesis,0.7477096802692156,1.0,0.9565217391304348
Mural AD vs CTRL,MSigDB Hallmark 2020  Mitotic Spindle,0.7411607813973883,1.0,1.0
Mural AD vs CTRL,MSigDB Hallmark 2020  Fatty Acid Metabolism,-0.7395209819648775,1.0,0.8571428571428571
Mural AD vs CTRL,MSigDB Hallmark 2020  Apical Surface,0.7376255545534731,1.0,0.8571428571428571
Mural AD vs CTRL,MSigDB Hallmark 2020  UV Response Up,-0.7348404284915256,1.0,0.8823529411764706
Mural AD vs CTRL,MSigDB Hallmark 2020  G2-M Checkpoint,-0.7158324049817308,1.0,0.9565217391304348
Mural AD vs CTRL,MSigDB Hallmark 2020  IL-6/JAK/STAT3 Signaling,0.685334650576907,1.0,0.9655172413793104
Mural AD vs CTRL,MSigDB Hallmark 2020  Oxidative Phosphorylation,-0.6681343456541765,1.0,0.9701492537313432
Mural AD vs CTRL,MSigDB Hallmark 2020  Protein Secretion,0.6453023011766362,1.0,1.0
EN PD vs CTRL,MSigDB Hallmark 2020  IL-6/JAK/STAT3 Signaling,-1.6675562330342193,0.2834882531660801,0.0
EN PD vs CTRL,MSigDB Hallmark 2020  Pancreas Beta Cells,1.2853370398614954,0.8519093298967513,0.1052631578947368
EN PD vs CTRL,MSigDB Hallmark 2020  Epithelial Mesenchymal Transition,-1.277894980118819,1.0,0.0
EN PD vs CTRL,MSigDB Hallmark 2020  Apoptosis,-1.263278846321788,1.0,0.0833333333333333
EN PD vs CTRL,MSigDB Hallmark 2020  Apical Surface,1.2448105446638391,0.853989523171913,0.175
EN PD vs CTRL,MSigDB Hallmark 2020  PI3K/AKT/mTOR  Signaling,1.237808862435408,0.8568884950378877,0.08
EN PD vs CTRL,MSigDB Hallmark 2020  Reactive Oxygen Species Pathway,-1.2213152430945733,1.0,0.2
EN PD vs CTRL,MSigDB Hallmark 2020  Spermatogenesis,-1.203025786096792,1.0,0.1304347826086956
EN PD vs CTRL,MSigDB Hallmark 2020  Myogenesis,-1.1980738491681004,1.0,0.1184210526315789
EN PD vs CTRL,MSigDB Hallmark 2020  IL-2/STAT5 Signaling,-1.19803932450801,1.0,0.1578947368421052
EN PD vs CTRL,MSigDB Hallmark 2020  Pperoxisome,1.1947005327177205,0.8372172900474787,0.1333333333333333
EN PD vs CTRL,MSigDB Hallmark 2020  UV Response Dn,1.1823072891746471,0.8356635677390396,0.1304347826086956
EN PD vs CTRL,MSigDB Hallmark 2020  Estrogen Response Early,-1.1790637336274996,1.0,0.1891891891891892
EN PD vs CTRL,MSigDB Hallmark 2020  G2-M Checkpoint,-1.1621776381282354,1.0,0.1194029850746268
EN PD vs CTRL,MSigDB Hallmark 2020  Estrogen Response Late,-1.139195350662668,1.0,0.1518987341772152
EN PD vs CTRL,MSigDB Hallmark 2020  Angiogenesis,1.1358476773053,0.8290582623558438,0.2777777777777778
EN PD vs CTRL,MSigDB Hallmark 2020  Interferon Alpha Response,-1.135251746823831,1.0,0.2162162162162162
EN PD vs CTRL,MSigDB Hallmark 2020  Adipogenesis,-1.132733354275397,1.0,0.1538461538461538
EN PD vs CTRL,MSigDB Hallmark 2020  Mitotic Spindle,1.127266563894962,0.8316528568100895,0.2142857142857142
EN PD vs CTRL,MSigDB Hallmark 2020  Cholesterol Homeostasis,1.0912414380482456,0.8403606396626052,0.2413793103448276
EN PD vs CTRL,MSigDB Hallmark 2020  Oxidative Phosphorylation,-1.0815020312038384,1.0,0.2428571428571428
EN PD vs CTRL,MSigDB Hallmark 2020  Glycolysis,-1.0675147777484228,1.0,0.3289473684210526
EN PD vs CTRL,MSigDB Hallmark 2020  Bile Acid Metabolism,1.050909059936101,0.856378027224496,0.2727272727272727
EN PD vs CTRL,MSigDB Hallmark 2020  KRAS Signaling Up,1.029541525040801,0.8588484833048546,0.3214285714285714
EN PD vs CTRL,MSigDB Hallmark 2020  E2F Targets,-1.0293311957304878,1.0,0.3636363636363636
EN PD vs CTRL,MSigDB Hallmark 2020  TGF-beta Signaling,1.009817599533735,0.867642680820681,0.4375
EN PD vs CTRL,MSigDB Hallmark 2020  Allograft Rejection,-0.9668624753331532,1.0,0.4848484848484848
EN PD vs CTRL,MSigDB Hallmark 2020  Coagulation,-0.9216273762913918,1.0,0.6290322580645161
EN PD vs CTRL,MSigDB Hallmark 2020  DNA Repair,0.9191344730144928,0.9165449656470342,0.5652173913043478
EN PD vs CTRL,MSigDB Hallmark 2020  Myc Targets V2,0.9176053793059666,0.9176941629074296,0.6756756756756757
EN PD vs CTRL,MSigDB Hallmark 2020  KRAS Signaling Dn,-0.9128385486055324,1.0,0.6075949367088608
EN PD vs CTRL,MSigDB Hallmark 2020  Interferon Gamma Response,-0.912665682461236,1.0,0.6621621621621622
EN PD vs CTRL,MSigDB Hallmark 2020  Wnt-beta Catenin Signaling,-0.9111494491654442,1.0,0.6268656716417911
EN PD vs CTRL,MSigDB Hallmark 2020  Notch Signaling,-0.9045471084915864,1.0,0.6268656716417911
EN PD vs CTRL,MSigDB Hallmark 2020  Complement,-0.8453503821213378,1.0,0.7777777777777778
EN PD vs CTRL,MSigDB Hallmark 2020  Inflammatory Response,-0.8366173559489818,1.0,0.7761194029850746
EN PD vs CTRL,MSigDB Hallmark 2020  heme Metabolism,0.8189801250031646,0.9723104241071584,1.0
EN PD vs CTRL,MSigDB Hallmark 2020  TNF-alpha Signaling via NF-kB,-0.8173561616043297,1.0,0.9166666666666666
EN PD vs CTRL,MSigDB Hallmark 2020  Fatty Acid Metabolism,0.8145973772886351,0.9736096856687504,0.8461538461538461
EN PD vs CTRL,MSigDB Hallmark 2020  Hedgehog Signaling,0.7703307834908705,0.9943822774011454,0.7105263157894737
EN PD vs CTRL,MSigDB Hallmark 2020  Xenobiotic Metabolism,0.7496172109178895,1.0,0.9642857142857144
EN PD vs CTRL,MSigDB Hallmark 2020  UV Response Up,0.7428244265450425,1.0,1.0
EN PD vs CTRL,MSigDB Hallmark 2020  Hypoxia,-0.7288314927012104,1.0,1.0
EN PD vs CTRL,MSigDB Hallmark 2020  Apical Junction,-0.7234430354214825,1.0,0.9855072463768116
EN PD vs CTRL,MSigDB Hallmark 2020  Myc Targets V1,-0.7114356670735509,1.0,1.0
EN PD vs CTRL,MSigDB Hallmark 2020  mTORC1 Signaling,0.7102975815569593,1.0,1.0
EN PD vs CTRL,MSigDB Hallmark 2020  Androgen Response,0.7068562263005761,1.0,1.0
EN PD vs CTRL,MSigDB Hallmark 2020  p53 Pathway,-0.7047500046079491,1.0,1.0
EN PD vs CTRL,MSigDB Hallmark 2020  Protein Secretion,0.6619707966093135,1.0,1.0
EN PD vs CTRL,MSigDB Hallmark 2020  Unfolded Protein Response,0.6494790142029362,1.0,1.0
Astro AD vs CTRL,MSigDB Hallmark 2020  Interferon Alpha Response,-1.84125379480521,0.0032817423028024,0.0
Astro AD vs CTRL,MSigDB Hallmark 2020  Interferon Gamma Response,-1.7225321523395076,0.0287152451495218,0.0
Astro AD vs CTRL,MSigDB Hallmark 2020  Apical Junction,1.4388020578519347,0.4419351567753435,0.0
Astro AD vs CTRL,MSigDB Hallmark 2020  PI3K/AKT/mTOR  Signaling,1.432351164765992,0.4447255129937467,0.0
Astro AD vs CTRL,MSigDB Hallmark 2020  Allograft Rejection,-1.3867611076082098,0.8264479280111026,0.0117647058823529
Astro AD vs CTRL,MSigDB Hallmark 2020  Xenobiotic Metabolism,1.368881454571734,0.5157455803641388,0.0
Astro AD vs CTRL,MSigDB Hallmark 2020  Inflammatory Response,-1.3342504376178643,1.0,0.0555555555555555
Astro AD vs CTRL,MSigDB Hallmark 2020  Protein Secretion,1.322854017976463,0.5690897646696126,0.0769230769230769
Astro AD vs CTRL,MSigDB Hallmark 2020  heme Metabolism,1.307968375588597,0.5773294524000867,0.0625
Astro AD vs CTRL,MSigDB Hallmark 2020  UV Response Dn,1.249496688962152,0.622018066232117,0.0
Astro AD vs CTRL,MSigDB Hallmark 2020  Coagulation,-1.2190551071121298,1.0,0.1481481481481481
Astro AD vs CTRL,MSigDB Hallmark 2020  Hedgehog Signaling,1.2097256740079296,0.6424954585904348,0.217391304347826
Astro AD vs CTRL,MSigDB Hallmark 2020  Spermatogenesis,-1.206587596788277,1.0,0.1012658227848101
Astro AD vs CTRL,MSigDB Hallmark 2020  KRAS Signaling Up,1.1293747400694996,0.6946814570167652,0.1818181818181818
Astro AD vs CTRL,MSigDB Hallmark 2020  IL-6/JAK/STAT3 Signaling,-1.1038327683488651,1.0,0.3414634146341463
Astro AD vs CTRL,MSigDB Hallmark 2020  Mitotic Spindle,1.097100996674796,0.7179086859787197,0.25
Astro AD vs CTRL,MSigDB Hallmark 2020  Adipogenesis,1.084280099446606,0.7308196315346874,0.0
Astro AD vs CTRL,MSigDB Hallmark 2020  Angiogenesis,1.0756004321253378,0.7357781991779133,0.3214285714285714
Astro AD vs CTRL,MSigDB Hallmark 2020  G2-M Checkpoint,1.0555635739506506,0.7441375925505077,0.1666666666666666
Astro AD vs CTRL,MSigDB Hallmark 2020  Wnt-beta Catenin Signaling,1.0542791785336092,0.7457911416357913,0.3333333333333333
Astro AD vs CTRL,MSigDB Hallmark 2020  Bile Acid Metabolism,-1.0408836051352817,1.0,0.3764705882352941
Astro AD vs CTRL,MSigDB Hallmark 2020  Unfolded Protein Response,-1.014986541012146,1.0,0.4022988505747126
Astro AD vs CTRL,MSigDB Hallmark 2020  KRAS Signaling Dn,-1.011194119813881,1.0,0.4615384615384615
Astro AD vs CTRL,MSigDB Hallmark 2020  Hypoxia,-0.994860147861071,1.0,0.4526315789473684
Astro AD vs CTRL,MSigDB Hallmark 2020  Reactive Oxygen Species Pathway,-0.9819943734862882,1.0,0.55
Astro AD vs CTRL,MSigDB Hallmark 2020  p53 Pathway,0.979987101413424,0.7962753092256536,0.6
Astro AD vs CTRL,MSigDB Hallmark 2020  TGF-beta Signaling,0.974617541451556,0.8002118307958994,0.4444444444444444
Astro AD vs CTRL,MSigDB Hallmark 2020  Pperoxisome,0.9244187934886532,0.8330067525170575,0.8095238095238095
Astro AD vs CTRL,MSigDB Hallmark 2020  Cholesterol Homeostasis,-0.9224396273582957,1.0,0.6081081081081081
Astro AD vs CTRL,MSigDB Hallmark 2020  Myogenesis,0.8986280760846799,0.8527458626295457,0.7142857142857143
Astro AD vs CTRL,MSigDB Hallmark 2020  Apoptosis,-0.8876418104423806,1.0,0.7674418604651163
Astro AD vs CTRL,MSigDB Hallmark 2020  Estrogen Response Late,0.8820320890440041,0.8659745374758253,0.8
Astro AD vs CTRL,MSigDB Hallmark 2020  Notch Signaling,0.8621063381129129,0.8851782501106442,0.6111111111111112
Astro AD vs CTRL,MSigDB Hallmark 2020  Fatty Acid Metabolism,0.8574976739864935,0.8905161049235508,0.9230769230769232
Astro AD vs CTRL,MSigDB Hallmark 2020  TNF-alpha Signaling via NF-kB,-0.8564729317747127,1.0,0.813953488372093
Astro AD vs CTRL,MSigDB Hallmark 2020  DNA Repair,0.8492525827580707,0.8990122081089871,0.8571428571428571
Astro AD vs CTRL,MSigDB Hallmark 2020  UV Response Up,0.8446216026014697,0.9031502167900092,0.9444444444444444
Astro AD vs CTRL,MSigDB Hallmark 2020  Pancreas Beta Cells,0.8322015107597975,0.9168656821634508,0.7619047619047619
Astro AD vs CTRL,MSigDB Hallmark 2020  Estrogen Response Early,-0.8303890515912231,1.0,0.8470588235294118
Astro AD vs CTRL,MSigDB Hallmark 2020  E2F Targets,0.8084145812730315,0.9283443490358873,1.0
Astro AD vs CTRL,MSigDB Hallmark 2020  Glycolysis,-0.8015970666428874,1.0,0.8791208791208791
Astro AD vs CTRL,MSigDB Hallmark 2020  Oxidative Phosphorylation,-0.7991011588559709,1.0,0.8762886597938144
Astro AD vs CTRL,MSigDB Hallmark 2020  Complement,-0.7634155200273645,1.0,0.913978494623656
Astro AD vs CTRL,MSigDB Hallmark 2020  Apical Surface,0.7392542711099523,0.9710151085952616,0.84375
Astro AD vs CTRL,MSigDB Hallmark 2020  Epithelial Mesenchymal Transition,-0.7197029153474227,1.0,0.9782608695652174
Astro AD vs CTRL,MSigDB Hallmark 2020  IL-2/STAT5 Signaling,0.7172703976886654,0.9778654698189976,1.0
Astro AD vs CTRL,MSigDB Hallmark 2020  Androgen Response,0.7116217417116323,0.9794565397741714,1.0
Astro AD vs CTRL,MSigDB Hallmark 2020  mTORC1 Signaling,-0.6827905900440626,1.0,1.0
Astro AD vs CTRL,MSigDB Hallmark 2020  Myc Targets V1,-0.6412988688518192,1.0,1.0
Astro AD vs CTRL,MSigDB Hallmark 2020  Myc Targets V2,-0.6167534578113162,1.0,0.9857142857142858
IN PD vs CTRL,MSigDB Hallmark 2020  UV Response Dn,1.4426886166121795,0.7844695070464979,0.0869565217391304
IN PD vs CTRL,MSigDB Hallmark 2020  Apical Surface,1.3408006704980626,0.7978176746548993,0.1351351351351351
IN PD vs CTRL,MSigDB Hallmark 2020  Reactive Oxygen Species Pathway,-1.2851562251861712,1.0,0.088235294117647
IN PD vs CTRL,MSigDB Hallmark 2020  Myc Targets V1,-1.25538466763487,1.0,0.0352941176470588
IN PD vs CTRL,MSigDB Hallmark 2020  Oxidative Phosphorylation,-1.2428592204978957,1.0,0.0649350649350649
IN PD vs CTRL,MSigDB Hallmark 2020  Interferon Alpha Response,-1.19177324604165,1.0,0.1857142857142857
IN PD vs CTRL,MSigDB Hallmark 2020  heme Metabolism,-1.1301577738067443,1.0,0.2266666666666666
IN PD vs CTRL,MSigDB Hallmark 2020  Inflammatory Response,-1.129559064958844,1.0,0.2375
IN PD vs CTRL,MSigDB Hallmark 2020  E2F Targets,-1.124646191450826,1.0,0.2650602409638554
IN PD vs CTRL,MSigDB Hallmark 2020  Allograft Rejection,-1.1198791531690944,1.0,0.2564102564102564
IN PD vs CTRL,MSigDB Hallmark 2020  IL-2/STAT5 Signaling,-1.111261772062046,1.0,0.2307692307692307
IN PD vs CTRL,MSigDB Hallmark 2020  G2-M Checkpoint,-1.1104195835823043,1.0,0.2328767123287671
IN PD vs CTRL,MSigDB Hallmark 2020  Spermatogenesis,-1.076935568821462,1.0,0.2876712328767123
IN PD vs CTRL,MSigDB Hallmark 2020  Epithelial Mesenchymal Transition,-1.0505375293626529,1.0,0.4
IN PD vs CTRL,MSigDB Hallmark 2020  Wnt-beta Catenin Signaling,1.0465787562584334,0.9247224598829442,0.3333333333333333
IN PD vs CTRL,MSigDB Hallmark 2020  UV Response Up,-0.981927984258444,1.0,0.4880952380952381
IN PD vs CTRL,MSigDB Hallmark 2020  IL-6/JAK/STAT3 Signaling,-0.971370468829694,1.0,0.5454545454545454
IN PD vs CTRL,MSigDB Hallmark 2020  Estrogen Response Late,-0.9691855669810424,1.0,0.5365853658536586
IN PD vs CTRL,MSigDB Hallmark 2020  KRAS Signaling Up,0.9558681922715534,0.948345799652268,0.45
IN PD vs CTRL,MSigDB Hallmark 2020  Adipogenesis,-0.9553336886950116,1.0,0.6052631578947368
IN PD vs CTRL,MSigDB Hallmark 2020  Glycolysis,-0.9435559509003724,1.0,0.6538461538461539
IN PD vs CTRL,MSigDB Hallmark 2020  TGF-beta Signaling,0.9387748378113744,0.965688733483212,0.4166666666666667
IN PD vs CTRL,MSigDB Hallmark 2020  KRAS Signaling Dn,-0.9361776452509968,1.0,0.5555555555555556
IN PD vs CTRL,MSigDB Hallmark 2020  Xenobiotic Metabolism,0.921488893823344,0.9759496326561562,0.6363636363636364
IN PD vs CTRL,MSigDB Hallmark 2020  Hedgehog Signaling,0.9196675743442204,0.97637684788713,0.5833333333333334
IN PD vs CTRL,MSigDB Hallmark 2020  Cholesterol Homeostasis,-0.9105259061100792,1.0,0.52
IN PD vs CTRL,MSigDB Hallmark 2020  mTORC1 Signaling,-0.908123447263627,1.0,0.7272727272727273
IN PD vs CTRL,MSigDB Hallmark 2020  Estrogen Response Early,-0.9075704191072704,1.0,0.7037037037037037
IN PD vs CTRL,MSigDB Hallmark 2020  PI3K/AKT/mTOR  Signaling,0.9038258850554284,0.986406770510681,0.64
IN PD vs CTRL,MSigDB Hallmark 2020  Myogenesis,-0.8955152630797624,1.0,0.7162162162162162
IN PD vs CTRL,MSigDB Hallmark 2020  Unfolded Protein Response,-0.8869200250088634,1.0,0.6666666666666666
IN PD vs CTRL,MSigDB Hallmark 2020  Apoptosis,-0.8536664769059296,1.0,0.7397260273972602
IN PD vs CTRL,MSigDB Hallmark 2020  Hypoxia,0.8341272080347213,1.0,0.6923076923076923
IN PD vs CTRL,MSigDB Hallmark 2020  Interferon Gamma Response,-0.8313257883045381,1.0,0.8108108108108109
IN PD vs CTRL,MSigDB Hallmark 2020  TNF-alpha Signaling via NF-kB,0.8301765690551036,1.0,0.8928571428571429
IN PD vs CTRL,MSigDB Hallmark 2020  Pancreas Beta Cells,-0.8175543359553852,1.0,0.7352941176470589
IN PD vs CTRL,MSigDB Hallmark 2020  Androgen Response,0.8122102678630949,1.0,0.7692307692307693
IN PD vs CTRL,MSigDB Hallmark 2020  Pperoxisome,-0.7914920918948287,1.0,0.8108108108108109
IN PD vs CTRL,MSigDB Hallmark 2020  Complement,-0.7914017087774704,1.0,0.88
IN PD vs CTRL,MSigDB Hallmark 2020  Apical Junction,0.7903335940370864,1.0,1.0
IN PD vs CTRL,MSigDB Hallmark 2020  Fatty Acid Metabolism,-0.7358950320158423,1.0,0.9090909090909092
IN PD vs CTRL,MSigDB Hallmark 2020  Angiogenesis,-0.7338995963207646,1.0,0.8059701492537313
IN PD vs CTRL,MSigDB Hallmark 2020  Bile Acid Metabolism,0.7020727174430837,1.0,0.925925925925926
IN PD vs CTRL,MSigDB Hallmark 2020  Coagulation,0.6967807724050707,1.0,0.9629629629629628
IN PD vs CTRL,MSigDB Hallmark 2020  Mitotic Spindle,0.6955769546358569,1.0,1.0
IN PD vs CTRL,MSigDB Hallmark 2020  p53 Pathway,-0.6894288961150715,1.0,0.987012987012987
IN PD vs CTRL,MSigDB Hallmark 2020  Notch Signaling,-0.6372164842047086,1.0,0.9682539682539684
IN PD vs CTRL,MSigDB Hallmark 2020  Protein Secretion,-0.5868805565366383,1.0,1.0
IN PD vs CTRL,MSigDB Hallmark 2020  DNA Repair,0.5752154538683866,1.0,1.0
IN PD vs CTRL,MSigDB Hallmark 2020  Myc Targets V2,-0.5103560606870883,1.0,1.0
Oligo PD vs CTRL,MSigDB Hallmark 2020  Epithelial Mesenchymal Transition,-1.59844089889436,0.5040110492005282,0.0
Oligo PD vs CTRL,MSigDB Hallmark 2020  Interferon Alpha Response,-1.4701369488692806,0.7574383388092305,0.0
Oligo PD vs CTRL,MSigDB Hallmark 2020  Estrogen Response Early,-1.409522671586747,0.8727942955503967,0.0144927536231884
Oligo PD vs CTRL,MSigDB Hallmark 2020  IL-6/JAK/STAT3 Signaling,-1.4091214282794868,0.8662726084826601,0.0615384615384615
Oligo PD vs CTRL,MSigDB Hallmark 2020  TNF-alpha Signaling via NF-kB,-1.4015587744008526,0.8714775250668194,0.0140845070422535
Oligo PD vs CTRL,MSigDB Hallmark 2020  Estrogen Response Late,-1.370598274517111,0.9067180891462076,0.056338028169014
Oligo PD vs CTRL,MSigDB Hallmark 2020  Hedgehog Signaling,-1.336493733510805,0.9177981729867082,0.109375
Oligo PD vs CTRL,MSigDB Hallmark 2020  Apoptosis,-1.3132747414260195,0.9333153714527284,0.0579710144927536
Oligo PD vs CTRL,MSigDB Hallmark 2020  KRAS Signaling Dn,-1.293375847130133,0.9574083862237296,0.0789473684210526
Oligo PD vs CTRL,MSigDB Hallmark 2020  Inflammatory Response,-1.2655864252804447,0.9674025174922088,0.106060606060606
Oligo PD vs CTRL,MSigDB Hallmark 2020  Glycolysis,-1.2623956440621933,0.9645133456187048,0.0857142857142857
Oligo PD vs CTRL,MSigDB Hallmark 2020  Myc Targets V2,1.1992490713823605,1.0,0.2058823529411764
Oligo PD vs CTRL,MSigDB Hallmark 2020  Angiogenesis,-1.191372027457778,1.0,0.2166666666666666
Oligo PD vs CTRL,MSigDB Hallmark 2020  UV Response Dn,-1.168624098154351,1.0,0.1791044776119403
Oligo PD vs CTRL,MSigDB Hallmark 2020  PI3K/AKT/mTOR  Signaling,1.167032283542739,1.0,0.131578947368421
Oligo PD vs CTRL,MSigDB Hallmark 2020  Complement,-1.1639830406557574,1.0,0.2191780821917808
Oligo PD vs CTRL,MSigDB Hallmark 2020  DNA Repair,1.1106258727175409,1.0,0.2
Oligo PD vs CTRL,MSigDB Hallmark 2020  IL-2/STAT5 Signaling,-1.078543349938905,1.0,0.3088235294117647
Oligo PD vs CTRL,MSigDB Hallmark 2020  Interferon Gamma Response,-1.0430645745763745,1.0,0.3623188405797101
Oligo PD vs CTRL,MSigDB Hallmark 2020  Fatty Acid Metabolism,1.0329963962276885,1.0,0.3461538461538461
Oligo PD vs CTRL,MSigDB Hallmark 2020  Wnt-beta Catenin Signaling,-1.008507311020202,1.0,0.4838709677419355
Oligo PD vs CTRL,MSigDB Hallmark 2020  mTORC1 Signaling,1.0036639997974073,1.0,0.4137931034482758
Oligo PD vs CTRL,MSigDB Hallmark 2020  Adipogenesis,-0.9995768265674364,1.0,0.4794520547945205
Oligo PD vs CTRL,MSigDB Hallmark 2020  Hypoxia,-0.9826926685130132,1.0,0.453125
Oligo PD vs CTRL,MSigDB Hallmark 2020  Spermatogenesis,-0.9805140020531042,1.0,0.5466666666666666
Oligo PD vs CTRL,MSigDB Hallmark 2020  Myogenesis,-0.9368989237149938,1.0,0.5909090909090909
Oligo PD vs CTRL,MSigDB Hallmark 2020  Pperoxisome,-0.9294785810293906,1.0,0.5901639344262295
Oligo PD vs CTRL,MSigDB Hallmark 2020  Cholesterol Homeostasis,-0.9097039003411164,1.0,0.6285714285714286
Oligo PD vs CTRL,MSigDB Hallmark 2020  UV Response Up,-0.9081870279331348,1.0,0.6885245901639344
Oligo PD vs CTRL,MSigDB Hallmark 2020  Allograft Rejection,-0.894541251266913,1.0,0.5652173913043478
Oligo PD vs CTRL,MSigDB Hallmark 2020  KRAS Signaling Up,0.8784431174888445,1.0,0.6764705882352942
Oligo PD vs CTRL,MSigDB Hallmark 2020  Reactive Oxygen Species Pathway,-0.8690923731034734,1.0,0.75
Oligo PD vs CTRL,MSigDB Hallmark 2020  Xenobiotic Metabolism,0.8648629055525168,1.0,0.6666666666666666
Oligo PD vs CTRL,MSigDB Hallmark 2020  TGF-beta Signaling,-0.8609721599158743,1.0,0.6829268292682927
Oligo PD vs CTRL,MSigDB Hallmark 2020  Coagulation,-0.8467632051952699,1.0,0.765625
Oligo PD vs CTRL,MSigDB Hallmark 2020  Pancreas Beta Cells,-0.7799842544833,1.0,0.8307692307692308
Oligo PD vs CTRL,MSigDB Hallmark 2020  Androgen Response,-0.7788014366954866,1.0,0.8309859154929577
Oligo PD vs CTRL,MSigDB Hallmark 2020  Apical Surface,0.7685071909886035,1.0,0.78125
Oligo PD vs CTRL,MSigDB Hallmark 2020  Apical Junction,-0.7616610500471231,1.0,0.9242424242424242
Oligo PD vs CTRL,MSigDB Hallmark 2020  Notch Signaling,-0.7374609185303629,1.0,0.8421052631578947
Oligo PD vs CTRL,MSigDB Hallmark 2020  E2F Targets,-0.7186186854126135,1.0,0.9864864864864864
Oligo PD vs CTRL,MSigDB Hallmark 2020  Myc Targets V1,0.7095245924762859,1.0,0.9655172413793104
Oligo PD vs CTRL,MSigDB Hallmark 2020  p53 Pathway,-0.6982771563839755,1.0,0.9871794871794872
Oligo PD vs CTRL,MSigDB Hallmark 2020  heme Metabolism,0.6797379599473757,1.0,1.0
Oligo PD vs CTRL,MSigDB Hallmark 2020  Bile Acid Metabolism,-0.6693920682651251,1.0,0.9672131147540984
Oligo PD vs CTRL,MSigDB Hallmark 2020  G2-M Checkpoint,-0.619540703537774,1.0,1.0
Oligo PD vs CTRL,MSigDB Hallmark 2020  Mitotic Spindle,-0.5719028377747827,1.0,1.0
Oligo PD vs CTRL,MSigDB Hallmark 2020  Unfolded Protein Response,0.5694819852393861,1.0,1.0
Oligo PD vs CTRL,MSigDB Hallmark 2020  Protein Secretion,0.5521634591835455,1.0,1.0
Oligo PD vs CTRL,MSigDB Hallmark 2020  Oxidative Phosphorylation,-0.4787572207312522,1.0,1.0
Oligo AD vs CTRL,MSigDB Hallmark 2020  Oxidative Phosphorylation,-1.7274353450448037,0.0457998533771694,0.0
Oligo AD vs CTRL,MSigDB Hallmark 2020  Myc Targets V1,-1.5741509165570955,0.3965883488807307,0.0
Oligo AD vs CTRL,MSigDB Hallmark 2020  Interferon Alpha Response,-1.4900251940262568,0.5709260465238388,0.0
Oligo AD vs CTRL,MSigDB Hallmark 2020  Interferon Gamma Response,-1.4013848312647954,0.8411817125140171,0.0129870129870129
Oligo AD vs CTRL,MSigDB Hallmark 2020  Pancreas Beta Cells,1.3997809608097893,0.8768754516719564,0.0512820512820512
Oligo AD vs CTRL,MSigDB Hallmark 2020  Reactive Oxygen Species Pathway,-1.3648159274892988,0.9298158501394514,0.0571428571428571
Oligo AD vs CTRL,MSigDB Hallmark 2020  DNA Repair,-1.3524825002280183,0.9776000975610898,0.037037037037037
Oligo AD vs CTRL,MSigDB Hallmark 2020  Apoptosis,-1.2870217072948795,1.0,0.0632911392405063
Oligo AD vs CTRL,MSigDB Hallmark 2020  Spermatogenesis,-1.2151811011206266,1.0,0.0972222222222222
Oligo AD vs CTRL,MSigDB Hallmark 2020  Hedgehog Signaling,1.2090334780902183,0.8934868929537706,0.1714285714285714
Oligo AD vs CTRL,MSigDB Hallmark 2020  Myogenesis,1.1619806180319676,0.8849119641785371,0.1388888888888889
Oligo AD vs CTRL,MSigDB Hallmark 2020  mTORC1 Signaling,-1.1553369444173691,1.0,0.141025641025641
Oligo AD vs CTRL,MSigDB Hallmark 2020  Fatty Acid Metabolism,-1.1525494232199514,1.0,0.2117647058823529
Oligo AD vs CTRL,MSigDB Hallmark 2020  Inflammatory Response,-1.1522688207530638,1.0,0.2375
Oligo AD vs CTRL,MSigDB Hallmark 2020  Wnt-beta Catenin Signaling,1.1444915209057454,0.8879985747305089,0.3170731707317073
Oligo AD vs CTRL,MSigDB Hallmark 2020  Adipogenesis,-1.1165271964397443,1.0,0.2602739726027397
Oligo AD vs CTRL,MSigDB Hallmark 2020  UV Response Up,-1.109042480297447,1.0,0.275
Oligo AD vs CTRL,MSigDB Hallmark 2020  Pperoxisome,-1.1038036055753644,1.0,0.3466666666666667
Oligo AD vs CTRL,MSigDB Hallmark 2020  G2-M Checkpoint,-1.0939248923474516,1.0,0.3375
Oligo AD vs CTRL,MSigDB Hallmark 2020  Apical Surface,1.075977757255609,0.8998357091591009,0.3125
Oligo AD vs CTRL,MSigDB Hallmark 2020  Notch Signaling,1.075811126518562,0.8994705561579023,0.3414634146341463
Oligo AD vs CTRL,MSigDB Hallmark 2020  TNF-alpha Signaling via NF-kB,-1.0755377794846634,1.0,0.3506493506493506
Oligo AD vs CTRL,MSigDB Hallmark 2020  E2F Targets,-1.0716149817713865,1.0,0.2941176470588235
Oligo AD vs CTRL,MSigDB Hallmark 2020  IL-2/STAT5 Signaling,-1.0663294585939276,1.0,0.282051282051282
Oligo AD vs CTRL,MSigDB Hallmark 2020  Estrogen Response Early,-1.060295043276038,1.0,0.3733333333333333
Oligo AD vs CTRL,MSigDB Hallmark 2020  UV Response Dn,1.036259036310283,0.9101242279033624,0.25
Oligo AD vs CTRL,MSigDB Hallmark 2020  Estrogen Response Late,-1.016267118595463,1.0,0.379746835443038
Oligo AD vs CTRL,MSigDB Hallmark 2020  Coagulation,1.0156320175346107,0.9147495636683156,0.3666666666666666
Oligo AD vs CTRL,MSigDB Hallmark 2020  IL-6/JAK/STAT3 Signaling,-0.9983700317796388,1.0,0.4285714285714285
Oligo AD vs CTRL,MSigDB Hallmark 2020  KRAS Signaling Up,0.9970551480996044,0.9181820860362532,0.3157894736842105
Oligo AD vs CTRL,MSigDB Hallmark 2020  Allograft Rejection,0.990213623334356,0.91762944696839,0.5
Oligo AD vs CTRL,MSigDB Hallmark 2020  Myc Targets V2,-0.9890199427117315,1.0,0.4025974025974026
Oligo AD vs CTRL,MSigDB Hallmark 2020  heme Metabolism,-0.9861559615346216,1.0,0.5
Oligo AD vs CTRL,MSigDB Hallmark 2020  Cholesterol Homeostasis,-0.9716039522170168,1.0,0.527027027027027
Oligo AD vs CTRL,MSigDB Hallmark 2020  Xenobiotic Metabolism,-0.9481434679445556,1.0,0.5679012345679012
Oligo AD vs CTRL,MSigDB Hallmark 2020  TGF-beta Signaling,-0.9394799737576084,1.0,0.6567164179104478
Oligo AD vs CTRL,MSigDB Hallmark 2020  p53 Pathway,-0.9286769761869514,1.0,0.6329113924050633
Oligo AD vs CTRL,MSigDB Hallmark 2020  Bile Acid Metabolism,-0.9260873137795222,1.0,0.6447368421052632
Oligo AD vs CTRL,MSigDB Hallmark 2020  Glycolysis,-0.9019589907887128,1.0,0.7397260273972602
Oligo AD vs CTRL,MSigDB Hallmark 2020  Angiogenesis,0.8646583772436374,0.9743305634861484,0.5454545454545454
Oligo AD vs CTRL,MSigDB Hallmark 2020  Epithelial Mesenchymal Transition,-0.8480148739556543,1.0,0.8472222222222222
Oligo AD vs CTRL,MSigDB Hallmark 2020  PI3K/AKT/mTOR  Signaling,-0.8358714884954572,1.0,0.7692307692307693
Oligo AD vs CTRL,MSigDB Hallmark 2020  Apical Junction,0.8291965016345013,0.9860688897017598,0.8636363636363636
Oligo AD vs CTRL,MSigDB Hallmark 2020  Mitotic Spindle,-0.818753575681187,1.0,0.8125
Oligo AD vs CTRL,MSigDB Hallmark 2020  Complement,0.8095639773714758,0.997938676373192,0.8461538461538461
Oligo AD vs CTRL,MSigDB Hallmark 2020  Hypoxia,-0.8018521370616555,1.0,0.9027777777777778
Oligo AD vs CTRL,MSigDB Hallmark 2020  Unfolded Protein Response,-0.7514486780239348,1.0,0.855072463768116
Oligo AD vs CTRL,MSigDB Hallmark 2020  Androgen Response,-0.7486709920142979,1.0,0.95
Oligo AD vs CTRL,MSigDB Hallmark 2020  Protein Secretion,-0.6811403252667294,1.0,0.9859154929577464
Oligo AD vs CTRL,MSigDB Hallmark 2020  KRAS Signaling Dn,0.6743295493591358,1.0,1.0
IN AD vs CTRL,MSigDB Hallmark 2020  Glycolysis,-1.6565604658105135,0.3914702020763611,0.0
IN AD vs CTRL,MSigDB Hallmark 2020  IL-2/STAT5 Signaling,-1.5998471338834697,0.511853591517618,0.0158730158730158
IN AD vs CTRL,MSigDB Hallmark 2020  Estrogen Response Late,-1.567315956333947,0.5718272984369132,0.0
IN AD vs CTRL,MSigDB Hallmark 2020  IL-6/JAK/STAT3 Signaling,-1.5563153988546108,0.5959518624529492,0.0238095238095238
IN AD vs CTRL,MSigDB Hallmark 2020  Apoptosis,-1.524347552228524,0.6326397225896354,0.0
IN AD vs CTRL,MSigDB Hallmark 2020  Epithelial Mesenchymal Transition,-1.501224946276296,0.6798339285100266,0.0192307692307692
IN AD vs CTRL,MSigDB Hallmark 2020  Spermatogenesis,-1.4529032695579327,0.8288541953540766,0.074074074074074
IN AD vs CTRL,MSigDB Hallmark 2020  TNF-alpha Signaling via NF-kB,-1.4173845185360765,0.8747396511606031,0.0208333333333333
IN AD vs CTRL,MSigDB Hallmark 2020  Oxidative Phosphorylation,-1.411053386510925,0.8757301726710387,0.0350877192982456
IN AD vs CTRL,MSigDB Hallmark 2020  Estrogen Response Early,-1.3897593454124504,0.8927115772931363,0.0377358490566037
IN AD vs CTRL,MSigDB Hallmark 2020  UV Response Dn,1.3399242187267355,1.0,0.0714285714285714
IN AD vs CTRL,MSigDB Hallmark 2020  Myc Targets V2,-1.3287367743883145,0.9441119489814284,0.1914893617021276
IN AD vs CTRL,MSigDB Hallmark 2020  Apical Surface,1.299827941196479,1.0,0.1020408163265306
IN AD vs CTRL,MSigDB Hallmark 2020  Wnt-beta Catenin Signaling,1.2971737226024562,1.0,0.0851063829787234
IN AD vs CTRL,MSigDB Hallmark 2020  E2F Targets,-1.1781119048601132,1.0,0.2391304347826087
IN AD vs CTRL,MSigDB Hallmark 2020  Notch Signaling,1.1669323618042236,1.0,0.1739130434782608
IN AD vs CTRL,MSigDB Hallmark 2020  Angiogenesis,1.1664313315624504,1.0,0.2909090909090909
IN AD vs CTRL,MSigDB Hallmark 2020  Interferon Alpha Response,-1.1347238924348146,1.0,0.2941176470588235
IN AD vs CTRL,MSigDB Hallmark 2020  Xenobiotic Metabolism,-1.1255922994802243,1.0,0.2156862745098039
IN AD vs CTRL,MSigDB Hallmark 2020  Bile Acid Metabolism,1.1173256182845257,1.0,0.2608695652173913
IN AD vs CTRL,MSigDB Hallmark 2020  Coagulation,-1.1163597161890308,1.0,0.2456140350877192
IN AD vs CTRL,MSigDB Hallmark 2020  Pancreas Beta Cells,-1.0874542139965755,1.0,0.3725490196078431
IN AD vs CTRL,MSigDB Hallmark 2020  Inflammatory Response,-1.0710477895537622,1.0,0.3488372093023256
IN AD vs CTRL,MSigDB Hallmark 2020  KRAS Signaling Up,-1.0431204535364975,1.0,0.3469387755102041
IN AD vs CTRL,MSigDB Hallmark 2020  DNA Repair,-1.0401288098093575,1.0,0.3333333333333333
IN AD vs CTRL,MSigDB Hallmark 2020  G2-M Checkpoint,-0.9854955737248426,1.0,0.46
IN AD vs CTRL,MSigDB Hallmark 2020  Pperoxisome,0.9844736022813834,1.0,0.425531914893617
IN AD vs CTRL,MSigDB Hallmark 2020  Myc Targets V1,-0.9744912615371368,1.0,0.5416666666666666
IN AD vs CTRL,MSigDB Hallmark 2020  UV Response Up,-0.9739941309138078,1.0,0.5306122448979592
IN AD vs CTRL,MSigDB Hallmark 2020  Reactive Oxygen Species Pathway,-0.947178145231138,1.0,0.4583333333333333
IN AD vs CTRL,MSigDB Hallmark 2020  Cholesterol Homeostasis,0.9114704187296572,1.0,0.5625
IN AD vs CTRL,MSigDB Hallmark 2020  Interferon Gamma Response,-0.8942015382277404,1.0,0.6666666666666666
IN AD vs CTRL,MSigDB Hallmark 2020  Myogenesis,-0.894122228769424,1.0,0.6521739130434783
IN AD vs CTRL,MSigDB Hallmark 2020  mTORC1 Signaling,-0.8929338860897924,1.0,0.6595744680851063
IN AD vs CTRL,MSigDB Hallmark 2020  Hypoxia,-0.875562105495777,1.0,0.7291666666666666
IN AD vs CTRL,MSigDB Hallmark 2020  Unfolded Protein Response,-0.8693937129643684,1.0,0.6875
IN AD vs CTRL,MSigDB Hallmark 2020  Apical Junction,-0.8558826458119169,1.0,0.7
IN AD vs CTRL,MSigDB Hallmark 2020  Hedgehog Signaling,0.8435808807192513,1.0,0.6326530612244898
IN AD vs CTRL,MSigDB Hallmark 2020  heme Metabolism,0.8216179174010334,1.0,0.8235294117647058
IN AD vs CTRL,MSigDB Hallmark 2020  KRAS Signaling Dn,-0.7960771375670215,1.0,0.8958333333333334
IN AD vs CTRL,MSigDB Hallmark 2020  TGF-beta Signaling,0.7787843524344887,1.0,0.8222222222222222
IN AD vs CTRL,MSigDB Hallmark 2020  Androgen Response,0.7745192099877456,1.0,0.8571428571428571
IN AD vs CTRL,MSigDB Hallmark 2020  p53 Pathway,-0.7375251825801854,1.0,0.9433962264150944
IN AD vs CTRL,MSigDB Hallmark 2020  Allograft Rejection,0.7278765835631656,1.0,0.92
IN AD vs CTRL,MSigDB Hallmark 2020  Mitotic Spindle,0.7242889516500343,1.0,0.975609756097561
IN AD vs CTRL,MSigDB Hallmark 2020  Complement,0.7171998282434049,1.0,0.9534883720930232
IN AD vs CTRL,MSigDB Hallmark 2020  Protein Secretion,-0.6989628179198035,1.0,1.0
IN AD vs CTRL,MSigDB Hallmark 2020  Fatty Acid Metabolism,0.6915538880516712,1.0,1.0
IN AD vs CTRL,MSigDB Hallmark 2020  Adipogenesis,0.6859378787333246,1.0,1.0
IN AD vs CTRL,MSigDB Hallmark 2020  PI3K/AKT/mTOR  Signaling,-0.6185785866978797,1.0,1.0
Astro PD vs CTRL,MSigDB Hallmark 2020  Interferon Gamma Response,-1.635112692707185,0.3861371301788383,0.0
Astro PD vs CTRL,MSigDB Hallmark 2020  Interferon Alpha Response,-1.6171153666658693,0.3563694677795968,0.0
Astro PD vs CTRL,MSigDB Hallmark 2020  Inflammatory Response,-1.5280442246479171,0.4150623115667802,0.0
Astro PD vs CTRL,MSigDB Hallmark 2020  TNF-alpha Signaling via NF-kB,-1.424666189845094,0.5893586715582744,0.0
Astro PD vs CTRL,MSigDB Hallmark 2020  Apoptosis,-1.3920649604738242,0.6325563849975538,0.0117647058823529
Astro PD vs CTRL,MSigDB Hallmark 2020  Epithelial Mesenchymal Transition,-1.3883381592534476,0.6253040584300029,0.0116279069767441
Astro PD vs CTRL,MSigDB Hallmark 2020  Coagulation,-1.3523934739442545,0.6824914134253612,0.0581395348837209
Astro PD vs CTRL,MSigDB Hallmark 2020  Complement,-1.3516710960625409,0.6792065763299078,0.0
Astro PD vs CTRL,MSigDB Hallmark 2020  Allograft Rejection,-1.3515507509665927,0.6776606019868154,0.0348837209302325
Astro PD vs CTRL,MSigDB Hallmark 2020  Glycolysis,-1.3407046071848594,0.7096010721518395,0.0227272727272727
Astro PD vs CTRL,MSigDB Hallmark 2020  Myogenesis,-1.242593097402436,0.8742617306364147,0.1098901098901098
Astro PD vs CTRL,MSigDB Hallmark 2020  PI3K/AKT/mTOR  Signaling,1.1915186012328138,0.967504285925431,0.0
Astro PD vs CTRL,MSigDB Hallmark 2020  KRAS Signaling Dn,-1.188891129680732,0.912960206349022,0.1538461538461538
Astro PD vs CTRL,MSigDB Hallmark 2020  UV Response Up,-1.1877972421910732,0.9092984708161232,0.1477272727272727
Astro PD vs CTRL,MSigDB Hallmark 2020  Spermatogenesis,-1.1658648192935508,0.9229993299765186,0.240506329113924
Astro PD vs CTRL,MSigDB Hallmark 2020  Hypoxia,-1.145347631107725,0.92635467642419,0.1477272727272727
Astro PD vs CTRL,MSigDB Hallmark 2020  Protein Secretion,1.145316956954467,0.964029976132923,0.3076923076923077
Astro PD vs CTRL,MSigDB Hallmark 2020  IL-6/JAK/STAT3 Signaling,-1.1230640028314578,0.9280524615976452,0.2839506172839506
Astro PD vs CTRL,MSigDB Hallmark 2020  Estrogen Response Early,-1.1109425488013396,0.941904144189466,0.2738095238095238
Astro PD vs CTRL,MSigDB Hallmark 2020  DNA Repair,1.0962776344686274,0.976214218221773,0.1428571428571428
Astro PD vs CTRL,MSigDB Hallmark 2020  Angiogenesis,-1.0870306975255994,0.9687701599388756,0.3561643835616438
Astro PD vs CTRL,MSigDB Hallmark 2020  Estrogen Response Late,-1.068043045199596,0.980675284305984,0.2954545454545454
Astro PD vs CTRL,MSigDB Hallmark 2020  Wnt-beta Catenin Signaling,-1.065682977535798,0.9811797860857668,0.3243243243243243
Astro PD vs CTRL,MSigDB Hallmark 2020  Pancreas Beta Cells,-1.0427051859224556,0.9893916465053504,0.3972602739726027
Astro PD vs CTRL,MSigDB Hallmark 2020  Myc Targets V2,1.0159357236941648,0.9869576839069996,0.5238095238095238
Astro PD vs CTRL,MSigDB Hallmark 2020  Apical Surface,-1.0105859480856958,1.0,0.4929577464788732
Astro PD vs CTRL,MSigDB Hallmark 2020  Pperoxisome,0.9992689280183072,0.9936573297525132,0.4666666666666667
Astro PD vs CTRL,MSigDB Hallmark 2020  KRAS Signaling Up,0.9948686193039746,0.9940747560182588,0.4375
Astro PD vs CTRL,MSigDB Hallmark 2020  Oxidative Phosphorylation,0.9929548429709016,0.997490220985476,0.4666666666666667
Astro PD vs CTRL,MSigDB Hallmark 2020  Reactive Oxygen Species Pathway,-0.9846719214808628,1.0,0.4556962025316455
Astro PD vs CTRL,MSigDB Hallmark 2020  Hedgehog Signaling,-0.9666970632328538,1.0,0.547945205479452
Astro PD vs CTRL,MSigDB Hallmark 2020  Mitotic Spindle,-0.9342982261637846,1.0,0.6867469879518072
Astro PD vs CTRL,MSigDB Hallmark 2020  Androgen Response,-0.9305876532536562,1.0,0.6582278481012658
Astro PD vs CTRL,MSigDB Hallmark 2020  Notch Signaling,-0.8822337971383477,1.0,0.5846153846153846
Astro PD vs CTRL,MSigDB Hallmark 2020  mTORC1 Signaling,-0.8479877276495367,1.0,0.7647058823529411
Astro PD vs CTRL,MSigDB Hallmark 2020  Apical Junction,-0.8378136050717632,1.0,0.8588235294117647
Astro PD vs CTRL,MSigDB Hallmark 2020  p53 Pathway,-0.8351619828508631,1.0,0.7741935483870968
Astro PD vs CTRL,MSigDB Hallmark 2020  heme Metabolism,0.8324898666111255,1.0,1.0
Astro PD vs CTRL,MSigDB Hallmark 2020  Adipogenesis,-0.8226768753034724,1.0,0.8421052631578947
Astro PD vs CTRL,MSigDB Hallmark 2020  Cholesterol Homeostasis,-0.814330188746611,1.0,0.8214285714285714
Astro PD vs CTRL,MSigDB Hallmark 2020  IL-2/STAT5 Signaling,-0.8065129734959166,1.0,0.8488372093023255
Astro PD vs CTRL,MSigDB Hallmark 2020  TGF-beta Signaling,-0.8062079448112283,1.0,0.8157894736842105
Astro PD vs CTRL,MSigDB Hallmark 2020  Fatty Acid Metabolism,0.7860929032645884,1.0,1.0
Astro PD vs CTRL,MSigDB Hallmark 2020  Unfolded Protein Response,-0.7780765084982371,1.0,0.8461538461538461
Astro PD vs CTRL,MSigDB Hallmark 2020  Bile Acid Metabolism,-0.777506055023766,1.0,0.8076923076923077
Astro PD vs CTRL,MSigDB Hallmark 2020  E2F Targets,-0.7381812907163594,1.0,0.9456521739130436
Astro PD vs CTRL,MSigDB Hallmark 2020  UV Response Dn,-0.7228077350241736,1.0,0.9759036144578314
Astro PD vs CTRL,MSigDB Hallmark 2020  Myc Targets V1,0.6881698091900144,1.0,1.0
Astro PD vs CTRL,MSigDB Hallmark 2020  Xenobiotic Metabolism,0.6774711095901796,1.0,1.0
Astro PD vs CTRL,MSigDB Hallmark 2020  G2-M Checkpoint,-0.6195634629327926,1.0,1.0
EN AD vs CTRL,MSigDB Hallmark 2020  IL-6/JAK/STAT3 Signaling,-1.835707926366592,0.0582358838610993,0.0
EN AD vs CTRL,MSigDB Hallmark 2020  IL-2/STAT5 Signaling,-1.5629850340611076,0.4484163057304649,0.03125
EN AD vs CTRL,MSigDB Hallmark 2020  Glycolysis,-1.5302294833061794,0.5276669147874937,0.0
EN AD vs CTRL,MSigDB Hallmark 2020  Apoptosis,-1.5291647689667198,0.5282826607399725,0.0
EN AD vs CTRL,MSigDB Hallmark 2020  TNF-alpha Signaling via NF-kB,-1.5035571458785946,0.6306912364085046,0.0238095238095238
EN AD vs CTRL,MSigDB Hallmark 2020  Cholesterol Homeostasis,1.4604450467836922,0.8999991105661217,0.037037037037037
EN AD vs CTRL,MSigDB Hallmark 2020  Pancreas Beta Cells,1.4387686346612074,0.9868247700831972,0.02
EN AD vs CTRL,MSigDB Hallmark 2020  Estrogen Response Early,-1.426394711379797,0.8417781323663165,0.0
EN AD vs CTRL,MSigDB Hallmark 2020  Estrogen Response Late,-1.4160841153114572,0.8610013662519478,0.0238095238095238
EN AD vs CTRL,MSigDB Hallmark 2020  Androgen Response,1.3553336010269668,0.953067468292216,0.0566037735849056
EN AD vs CTRL,MSigDB Hallmark 2020  UV Response Dn,1.3368934023954206,0.9707178925930454,0.0196078431372549
EN AD vs CTRL,MSigDB Hallmark 2020  Mitotic Spindle,1.2595541537823398,0.9115843440512972,0.125
EN AD vs CTRL,MSigDB Hallmark 2020  Coagulation,1.2481964206209526,0.9132954929850448,0.1206896551724138
EN AD vs CTRL,MSigDB Hallmark 2020  TGF-beta Signaling,1.1842257757143149,0.9032333194540044,0.2222222222222222
EN AD vs CTRL,MSigDB Hallmark 2020  Apical Surface,1.181100208130292,0.9027843451185582,0.2424242424242424
EN AD vs CTRL,MSigDB Hallmark 2020  G2-M Checkpoint,1.1605816512283234,0.9082599893364448,0.1551724137931034
EN AD vs CTRL,MSigDB Hallmark 2020  Adipogenesis,1.1557159130021304,0.9037300129703656,0.1698113207547169
EN AD vs CTRL,MSigDB Hallmark 2020  mTORC1 Signaling,1.132161415560185,0.8916074458245428,0.2241379310344827
EN AD vs CTRL,MSigDB Hallmark 2020  Epithelial Mesenchymal Transition,-1.115600377079443,1.0,0.2222222222222222
EN AD vs CTRL,MSigDB Hallmark 2020  Allograft Rejection,1.0882210734060471,0.8945197625611783,0.2156862745098039
EN AD vs CTRL,MSigDB Hallmark 2020  E2F Targets,1.0635552646505322,0.9051939214291314,0.3035714285714285
EN AD vs CTRL,MSigDB Hallmark 2020  Fatty Acid Metabolism,1.0588327313146693,0.908021629469388,0.3191489361702128
EN AD vs CTRL,MSigDB Hallmark 2020  KRAS Signaling Dn,-1.0579021136600708,1.0,0.3043478260869565
EN AD vs CTRL,MSigDB Hallmark 2020  Reactive Oxygen Species Pathway,-1.0522550465584934,1.0,0.3958333333333333
EN AD vs CTRL,MSigDB Hallmark 2020  Myogenesis,-1.0451642631359204,1.0,0.3783783783783784
EN AD vs CTRL,MSigDB Hallmark 2020  Apical Junction,1.0388140162295958,0.9116414857815082,0.3571428571428571
EN AD vs CTRL,MSigDB Hallmark 2020  Inflammatory Response,-1.0277204202437116,1.0,0.3181818181818182
EN AD vs CTRL,MSigDB Hallmark 2020  Complement,1.018120133239063,0.9181819575217276,0.4509803921568627
EN AD vs CTRL,MSigDB Hallmark 2020  p53 Pathway,0.9973150258277452,0.927925021006918,0.4583333333333333
EN AD vs CTRL,MSigDB Hallmark 2020  DNA Repair,0.9947291337647716,0.9279852453995188,0.3962264150943396
EN AD vs CTRL,MSigDB Hallmark 2020  Bile Acid Metabolism,0.918502662793154,0.9562740422784994,0.5172413793103449
EN AD vs CTRL,MSigDB Hallmark 2020  Xenobiotic Metabolism,-0.8793503744957756,1.0,0.8125
EN AD vs CTRL,MSigDB Hallmark 2020  Myc Targets V2,-0.8690457952279848,1.0,0.6875
EN AD vs CTRL,MSigDB Hallmark 2020  heme Metabolism,0.8562256882340066,0.9687260294174256,0.875
EN AD vs CTRL,MSigDB Hallmark 2020  Interferon Alpha Response,-0.8465276765583094,1.0,0.6808510638297872
EN AD vs CTRL,MSigDB Hallmark 2020  Wnt-beta Catenin Signaling,0.841713419953027,0.9700559345189208,0.6785714285714286
EN AD vs CTRL,MSigDB Hallmark 2020  Interferon Gamma Response,0.831798855995708,0.9750551156694842,0.7446808510638298
EN AD vs CTRL,MSigDB Hallmark 2020  Notch Signaling,0.8302585763963034,0.9757864794224504,0.6607142857142857
EN AD vs CTRL,MSigDB Hallmark 2020  Spermatogenesis,-0.8237982596411559,1.0,0.7450980392156863
EN AD vs CTRL,MSigDB Hallmark 2020  UV Response Up,-0.8231975673195505,1.0,0.8
EN AD vs CTRL,MSigDB Hallmark 2020  Angiogenesis,0.8107305828979019,0.983454972511956,0.6875
EN AD vs CTRL,MSigDB Hallmark 2020  KRAS Signaling Up,0.7899860890918208,0.9881547994970984,0.9473684210526316
EN AD vs CTRL,MSigDB Hallmark 2020  Hypoxia,-0.7728046704407315,1.0,0.975
EN AD vs CTRL,MSigDB Hallmark 2020  Myc Targets V1,0.7685796374331515,1.0,0.9230769230769232
EN AD vs CTRL,MSigDB Hallmark 2020  Hedgehog Signaling,0.7470147880690057,1.0,0.819672131147541
EN AD vs CTRL,MSigDB Hallmark 2020  PI3K/AKT/mTOR  Signaling,0.7456267187739603,1.0,0.9215686274509804
EN AD vs CTRL,MSigDB Hallmark 2020  Pperoxisome,0.6883349570542695,1.0,1.0
EN AD vs CTRL,MSigDB Hallmark 2020  Protein Secretion,-0.6617454893151163,1.0,0.9787234042553192
EN AD vs CTRL,MSigDB Hallmark 2020  Oxidative Phosphorylation,0.6113652472964708,1.0,1.0
EN AD vs CTRL,MSigDB Hallmark 2020  Unfolded Protein Response,0.4641798885963225,1.0,1.0
Mural PD vs CTRL,MSigDB Hallmark 2020  Inflammatory Response,-1.4617404239241345,0.974606029609136,0.0
Mural PD vs CTRL,MSigDB Hallmark 2020  Pperoxisome,-1.458593035422937,0.9521451692073224,0.0
Mural PD vs CTRL,MSigDB Hallmark 2020  Bile Acid Metabolism,-1.377142096764238,1.0,0.0117647058823529
Mural PD vs CTRL,MSigDB Hallmark 2020  Interferon Gamma Response,-1.3670338897902587,1.0,0.0204081632653061
Mural PD vs CTRL,MSigDB Hallmark 2020  Glycolysis,-1.3548928644796112,1.0,0.0103092783505154
Mural PD vs CTRL,MSigDB Hallmark 2020  IL-2/STAT5 Signaling,-1.30552514900005,1.0,0.031578947368421
Mural PD vs CTRL,MSigDB Hallmark 2020  Reactive Oxygen Species Pathway,-1.2852003291026546,1.0,0.0963855421686747
Mural PD vs CTRL,MSigDB Hallmark 2020  mTORC1 Signaling,-1.2832055438078078,1.0,0.0404040404040404
Mural PD vs CTRL,MSigDB Hallmark 2020  Hypoxia,-1.2707854166767327,1.0,0.0408163265306122
Mural PD vs CTRL,MSigDB Hallmark 2020  Spermatogenesis,-1.2604734931103196,1.0,0.160919540229885
Mural PD vs CTRL,MSigDB Hallmark 2020  UV Response Up,-1.2467595915968002,1.0,0.1382978723404255
Mural PD vs CTRL,MSigDB Hallmark 2020  Interferon Alpha Response,-1.2394192228116976,1.0,0.1382978723404255
Mural PD vs CTRL,MSigDB Hallmark 2020  Estrogen Response Early,-1.2105793794496666,1.0,0.1020408163265306
Mural PD vs CTRL,MSigDB Hallmark 2020  TNF-alpha Signaling via NF-kB,-1.2101177702184662,1.0,0.1530612244897959
Mural PD vs CTRL,MSigDB Hallmark 2020  Apoptosis,-1.1954805021420365,1.0,0.125
Mural PD vs CTRL,MSigDB Hallmark 2020  Fatty Acid Metabolism,-1.1845728625101883,1.0,0.202127659574468
Mural PD vs CTRL,MSigDB Hallmark 2020  E2F Targets,-1.1806197962883982,1.0,0.1770833333333333
Mural PD vs CTRL,MSigDB Hallmark 2020  Angiogenesis,-1.1693722882426172,1.0,0.3048780487804878
Mural PD vs CTRL,MSigDB Hallmark 2020  Allograft Rejection,-1.1655677536361038,1.0,0.1702127659574468
Mural PD vs CTRL,MSigDB Hallmark 2020  Unfolded Protein Response,-1.1642236860084465,1.0,0.1818181818181818
Mural PD vs CTRL,MSigDB Hallmark 2020  PI3K/AKT/mTOR  Signaling,-1.1160935847450109,1.0,0.2613636363636363
Mural PD vs CTRL,MSigDB Hallmark 2020  KRAS Signaling Up,-1.0660128370992998,1.0,0.3655913978494624
Mural PD vs CTRL,MSigDB Hallmark 2020  Notch Signaling,1.059161538172371,0.9443691164202398,0.2857142857142857
Mural PD vs CTRL,MSigDB Hallmark 2020  IL-6/JAK/STAT3 Signaling,-1.0239812074697152,1.0,0.4597701149425287
Mural PD vs CTRL,MSigDB Hallmark 2020  p53 Pathway,-1.013700470373037,1.0,0.532608695652174
Mural PD vs CTRL,MSigDB Hallmark 2020  Myogenesis,1.0,0.9577911044908676,1.0
Mural PD vs CTRL,MSigDB Hallmark 2020  Myc Targets V1,-0.9904729570787276,1.0,0.5531914893617021
Mural PD vs CTRL,MSigDB Hallmark 2020  Estrogen Response Late,-0.9827498359376988,1.0,0.5483870967741935
Mural PD vs CTRL,MSigDB Hallmark 2020  Coagulation,-0.9807814375943976,1.0,0.5632183908045977
Mural PD vs CTRL,MSigDB Hallmark 2020  Oxidative Phosphorylation,-0.9792142371134732,1.0,0.5483870967741935
Mural PD vs CTRL,MSigDB Hallmark 2020  Hedgehog Signaling,-0.9637246564322598,1.0,0.5853658536585366
Mural PD vs CTRL,MSigDB Hallmark 2020  Adipogenesis,-0.9547568817277952,1.0,0.6145833333333334
Mural PD vs CTRL,MSigDB Hallmark 2020  DNA Repair,-0.9360862183893304,1.0,0.6444444444444445
Mural PD vs CTRL,MSigDB Hallmark 2020  heme Metabolism,-0.9261449368644464,1.0,0.6526315789473685
Mural PD vs CTRL,MSigDB Hallmark 2020  G2-M Checkpoint,-0.9178676850230078,1.0,0.6595744680851063
Mural PD vs CTRL,MSigDB Hallmark 2020  Myc Targets V2,-0.9018165691720438,1.0,0.6973684210526315
Mural PD vs CTRL,MSigDB Hallmark 2020  Cholesterol Homeostasis,-0.8812280275697818,1.0,0.7032967032967034
Mural PD vs CTRL,MSigDB Hallmark 2020  Protein Secretion,-0.8479098070550121,1.0,0.7802197802197802
Mural PD vs CTRL,MSigDB Hallmark 2020  Androgen Response,0.8449398922716304,1.0,1.0
Mural PD vs CTRL,MSigDB Hallmark 2020  Complement,-0.8404218464544522,1.0,0.7934782608695652
Mural PD vs CTRL,MSigDB Hallmark 2020  KRAS Signaling Dn,-0.8277708934694697,1.0,0.8089887640449438
Mural PD vs CTRL,MSigDB Hallmark 2020  Pancreas Beta Cells,-0.8267668806953156,1.0,0.7567567567567568
Mural PD vs CTRL,MSigDB Hallmark 2020  Wnt-beta Catenin Signaling,0.8256131908020864,1.0,0.5714285714285714
Mural PD vs CTRL,MSigDB Hallmark 2020  Xenobiotic Metabolism,-0.7637209448074143,1.0,0.8829787234042553
Mural PD vs CTRL,MSigDB Hallmark 2020  Epithelial Mesenchymal Transition,-0.744638689336794,1.0,0.898989898989899
Mural PD vs CTRL,MSigDB Hallmark 2020  UV Response Dn,-0.7376969798088208,1.0,0.9484536082474226
Mural PD vs CTRL,MSigDB Hallmark 2020  Apical Surface,0.7222382155371073,1.0,0.8666666666666667
Mural PD vs CTRL,MSigDB Hallmark 2020  Mitotic Spindle,-0.680061503525845,1.0,0.9696969696969696
Mural PD vs CTRL,MSigDB Hallmark 2020  Apical Junction,-0.612861243894708,1.0,1.0
Mural PD vs CTRL,MSigDB Hallmark 2020  TGF-beta Signaling,-0.5421195609355748,1.0,1.0
Immune AD vs CTRL,MSigDB Hallmark 2020  Allograft Rejection,-1.710991355811042,0.0325533287344324,0.0
Immune AD vs CTRL,MSigDB Hallmark 2020  Interferon Alpha Response,-1.7023182829541843,0.0377142223142814,0.0
Immune AD vs CTRL,MSigDB Hallmark 2020  Interferon Gamma Response,-1.5909498928316863,0.1647279084101036,0.0
Immune AD vs CTRL,MSigDB Hallmark 2020  TNF-alpha Signaling via NF-kB,-1.5183572875878744,0.3081928409816093,0.0
Immune AD vs CTRL,MSigDB Hallmark 2020  Hedgehog Signaling,1.4306138279251337,0.6724473433770237,0.125
Immune AD vs CTRL,MSigDB Hallmark 2020  Oxidative Phosphorylation,-1.3652125988182633,0.5577892061905825,0.0253164556962025
Immune AD vs CTRL,MSigDB Hallmark 2020  Angiogenesis,1.3361822574494568,0.7372044477668394,0.131578947368421
Immune AD vs CTRL,MSigDB Hallmark 2020  Coagulation,1.3199941049497017,0.7489921937698384,0.0666666666666666
Immune AD vs CTRL,MSigDB Hallmark 2020  Hypoxia,-1.316636537086963,0.6505786746756753,0.0779220779220779
Immune AD vs CTRL,MSigDB Hallmark 2020  Notch Signaling,1.2964686322377874,0.7346690980351893,0.1666666666666666
Immune AD vs CTRL,MSigDB Hallmark 2020  Inflammatory Response,-1.2846574702567022,0.7018512453365078,0.0963855421686747
Immune AD vs CTRL,MSigDB Hallmark 2020  Spermatogenesis,1.248729501083505,0.7473623157918668,0.1428571428571428
Immune AD vs CTRL,MSigDB Hallmark 2020  Myc Targets V1,-1.158701504019667,0.8664757634764018,0.2162162162162162
Immune AD vs CTRL,MSigDB Hallmark 2020  Apoptosis,-1.1475515857465173,0.8726646022100435,0.2023809523809523
Immune AD vs CTRL,MSigDB Hallmark 2020  Androgen Response,-1.14705807115547,0.8725994360673578,0.2625
Immune AD vs CTRL,MSigDB Hallmark 2020  Bile Acid Metabolism,-1.1222298165099696,0.8964129829038636,0.2602739726027397
Immune AD vs CTRL,MSigDB Hallmark 2020  mTORC1 Signaling,-1.117796690413738,0.8970152112550189,0.2564102564102564
Immune AD vs CTRL,MSigDB Hallmark 2020  Cholesterol Homeostasis,1.0877907064594023,0.8086910435827315,0.2857142857142857
Immune AD vs CTRL,MSigDB Hallmark 2020  Adipogenesis,-1.078058189946412,0.9293994230408998,0.3375
Immune AD vs CTRL,MSigDB Hallmark 2020  Fatty Acid Metabolism,-1.0725888063270077,0.9336391073045978,0.3902439024390244
Immune AD vs CTRL,MSigDB Hallmark 2020  Complement,-1.0675181003105203,0.9387472378299884,0.3625
Immune AD vs CTRL,MSigDB Hallmark 2020  Myc Targets V2,1.0575106043604423,0.8196874661901478,0.3225806451612903
Immune AD vs CTRL,MSigDB Hallmark 2020  Estrogen Response Early,-1.0286413392910048,0.9530351550210904,0.4102564102564102
Immune AD vs CTRL,MSigDB Hallmark 2020  Unfolded Protein Response,-1.0079099949308168,0.9547320854070964,0.45
Immune AD vs CTRL,MSigDB Hallmark 2020  Xenobiotic Metabolism,-1.0058564588649876,0.9537373009593972,0.4358974358974359
Immune AD vs CTRL,MSigDB Hallmark 2020  IL-2/STAT5 Signaling,-0.9930923776170398,0.958050113200912,0.4605263157894737
Immune AD vs CTRL,MSigDB Hallmark 2020  Epithelial Mesenchymal Transition,-0.9753770133082946,0.9745114745073058,0.525
Immune AD vs CTRL,MSigDB Hallmark 2020  UV Response Dn,0.9657796004202563,0.8826528908891161,0.4090909090909091
Immune AD vs CTRL,MSigDB Hallmark 2020  Estrogen Response Late,-0.965111540029544,0.9822783882355572,0.5882352941176471
Immune AD vs CTRL,MSigDB Hallmark 2020  Glycolysis,-0.9426498831126688,0.9878541730979808,0.5975609756097561
Immune AD vs CTRL,MSigDB Hallmark 2020  Pancreas Beta Cells,-0.941865222007577,0.9864288310261594,0.492063492063492
Immune AD vs CTRL,MSigDB Hallmark 2020  UV Response Up,-0.9414180342743506,0.9861997116700524,0.573170731707317
Immune AD vs CTRL,MSigDB Hallmark 2020  DNA Repair,-0.9319987365860392,0.997956278515364,0.5405405405405406
Immune AD vs CTRL,MSigDB Hallmark 2020  Myogenesis,-0.9077298155419788,1.0,0.6153846153846154
Immune AD vs CTRL,MSigDB Hallmark 2020  TGF-beta Signaling,0.9069372474890032,0.9118225573475006,0.7142857142857143
Immune AD vs CTRL,MSigDB Hallmark 2020  p53 Pathway,-0.8956553113435515,1.0,0.6621621621621622
Immune AD vs CTRL,MSigDB Hallmark 2020  G2-M Checkpoint,-0.8859641818380593,1.0,0.7093023255813954
Immune AD vs CTRL,MSigDB Hallmark 2020  IL-6/JAK/STAT3 Signaling,-0.8822463266122892,1.0,0.6385542168674698
Immune AD vs CTRL,MSigDB Hallmark 2020  KRAS Signaling Dn,-0.8715033582960396,1.0,0.7323943661971831
Immune AD vs CTRL,MSigDB Hallmark 2020  Mitotic Spindle,0.8463587042366723,0.9381098024306826,0.7857142857142857
Immune AD vs CTRL,MSigDB Hallmark 2020  Reactive Oxygen Species Pathway,0.8287028443250362,0.9442673810137434,0.6206896551724138
Immune AD vs CTRL,MSigDB Hallmark 2020  KRAS Signaling Up,-0.8145602656335656,1.0,0.8356164383561644
Immune AD vs CTRL,MSigDB Hallmark 2020  Pperoxisome,-0.8028122863143046,1.0,0.8311688311688312
Immune AD vs CTRL,MSigDB Hallmark 2020  Apical Junction,0.802578922322997,0.950927233940124,0.9230769230769232
Immune AD vs CTRL,MSigDB Hallmark 2020  Protein Secretion,-0.8008192785356665,1.0,0.7922077922077922
Immune AD vs CTRL,MSigDB Hallmark 2020  heme Metabolism,-0.7627675158609905,1.0,0.8933333333333333
Immune AD vs CTRL,MSigDB Hallmark 2020  PI3K/AKT/mTOR  Signaling,-0.729266833758888,1.0,0.925
Immune AD vs CTRL,MSigDB Hallmark 2020  Apical Surface,-0.7219470283563939,1.0,0.8970588235294118
Immune AD vs CTRL,MSigDB Hallmark 2020  Wnt-beta Catenin Signaling,-0.7213256915590655,1.0,0.8939393939393939
Immune AD vs CTRL,MSigDB Hallmark 2020  E2F Targets,-0.6351076589028797,1.0,1.0
OPC PD vs CTRL,MSigDB Hallmark 2020  Oxidative Phosphorylation,1.5600703933804538,0.590243744199135,0.0
OPC PD vs CTRL,MSigDB Hallmark 2020  Fatty Acid Metabolism,1.3983728551316554,0.8016752824297957,0.0
OPC PD vs CTRL,MSigDB Hallmark 2020  Cholesterol Homeostasis,1.3489563617350306,0.8527313157424808,0.0
OPC PD vs CTRL,MSigDB Hallmark 2020  IL-6/JAK/STAT3 Signaling,-1.3385268134539812,1.0,0.0352941176470588
OPC PD vs CTRL,MSigDB Hallmark 2020  Unfolded Protein Response,1.2852885440489166,0.8944533237962974,0.0833333333333333
OPC PD vs CTRL,MSigDB Hallmark 2020  Interferon Alpha Response,-1.2566273177082554,1.0,0.0975609756097561
OPC PD vs CTRL,MSigDB Hallmark 2020  Myc Targets V1,1.2126959599334253,0.8763276309796102,0.0
OPC PD vs CTRL,MSigDB Hallmark 2020  Interferon Gamma Response,-1.1634057538949236,1.0,0.1612903225806451
OPC PD vs CTRL,MSigDB Hallmark 2020  Myogenesis,-1.0717183257981673,1.0,0.3666666666666666
OPC PD vs CTRL,MSigDB Hallmark 2020  IL-2/STAT5 Signaling,-1.0592954032634714,1.0,0.3838383838383838
OPC PD vs CTRL,MSigDB Hallmark 2020  Pancreas Beta Cells,-1.0490138063763206,1.0,0.4776119402985074
OPC PD vs CTRL,MSigDB Hallmark 2020  Estrogen Response Early,-1.0399078102731074,1.0,0.4239130434782608
OPC PD vs CTRL,MSigDB Hallmark 2020  Protein Secretion,0.9989170896765868,0.9425321369639872,0.3157894736842105
OPC PD vs CTRL,MSigDB Hallmark 2020  TNF-alpha Signaling via NF-kB,-0.9844247866269698,1.0,0.4838709677419355
OPC PD vs CTRL,MSigDB Hallmark 2020  Inflammatory Response,-0.9837259093430256,1.0,0.4878048780487805
OPC PD vs CTRL,MSigDB Hallmark 2020  Apical Junction,0.969746564096922,0.956177823479303,0.5714285714285714
OPC PD vs CTRL,MSigDB Hallmark 2020  DNA Repair,0.9661350546164034,0.9566993153333172,0.4
OPC PD vs CTRL,MSigDB Hallmark 2020  Apical Surface,-0.945712818991376,1.0,0.5866666666666667
OPC PD vs CTRL,MSigDB Hallmark 2020  KRAS Signaling Dn,-0.9431436358291456,1.0,0.6063829787234043
OPC PD vs CTRL,MSigDB Hallmark 2020  Glycolysis,-0.9326240904198012,1.0,0.6451612903225806
OPC PD vs CTRL,MSigDB Hallmark 2020  Coagulation,0.9305440555837492,0.9688282671938888,0.7
OPC PD vs CTRL,MSigDB Hallmark 2020  Apoptosis,-0.8958772998307716,1.0,0.6956521739130435
OPC PD vs CTRL,MSigDB Hallmark 2020  Adipogenesis,0.8511379870674252,0.9956569494145604,1.0
OPC PD vs CTRL,MSigDB Hallmark 2020  Mitotic Spindle,-0.8502309284334872,1.0,0.8526315789473684
OPC PD vs CTRL,MSigDB Hallmark 2020  Complement,-0.8360718751264206,1.0,0.8152173913043478
OPC PD vs CTRL,MSigDB Hallmark 2020  Hypoxia,-0.8259206513827366,1.0,0.8617021276595744
OPC PD vs CTRL,MSigDB Hallmark 2020  TGF-beta Signaling,0.7998354899360904,1.0,0.6956521739130435
OPC PD vs CTRL,MSigDB Hallmark 2020  UV Response Up,0.7974047551254149,1.0,0.8
OPC PD vs CTRL,MSigDB Hallmark 2020  Epithelial Mesenchymal Transition,-0.7860733425112972,1.0,0.9222222222222224
OPC PD vs CTRL,MSigDB Hallmark 2020  G2-M Checkpoint,0.7842370252140425,1.0,1.0
OPC PD vs CTRL,MSigDB Hallmark 2020  Androgen Response,-0.7835929491810848,1.0,0.8888888888888888
OPC PD vs CTRL,MSigDB Hallmark 2020  Angiogenesis,-0.7793403456222602,1.0,0.8481012658227848
OPC PD vs CTRL,MSigDB Hallmark 2020  Hedgehog Signaling,-0.7695846980832198,1.0,0.8607594936708861
OPC PD vs CTRL,MSigDB Hallmark 2020  Spermatogenesis,-0.7691450674135103,1.0,0.8095238095238095
OPC PD vs CTRL,MSigDB Hallmark 2020  E2F Targets,-0.7556553005365483,1.0,0.8969072164948454
OPC PD vs CTRL,MSigDB Hallmark 2020  Allograft Rejection,-0.751139293470266,1.0,0.8850574712643678
OPC PD vs CTRL,MSigDB Hallmark 2020  PI3K/AKT/mTOR  Signaling,0.7384110251241663,1.0,1.0
OPC PD vs CTRL,MSigDB Hallmark 2020  Pperoxisome,0.736818855020802,1.0,1.0
OPC PD vs CTRL,MSigDB Hallmark 2020  Xenobiotic Metabolism,-0.730911368451044,1.0,0.9438202247191012
OPC PD vs CTRL,MSigDB Hallmark 2020  Bile Acid Metabolism,0.7271665473821671,1.0,0.9473684210526316
OPC PD vs CTRL,MSigDB Hallmark 2020  mTORC1 Signaling,0.7264845054931628,1.0,1.0
OPC PD vs CTRL,MSigDB Hallmark 2020  Reactive Oxygen Species Pathway,-0.7230061563048366,1.0,0.8765432098765432
OPC PD vs CTRL,MSigDB Hallmark 2020  Wnt-beta Catenin Signaling,-0.7179537640535941,1.0,0.8860759493670886
OPC PD vs CTRL,MSigDB Hallmark 2020  Notch Signaling,-0.7111570953179642,1.0,0.8765432098765432
OPC PD vs CTRL,MSigDB Hallmark 2020  Estrogen Response Late,-0.70689783714074,1.0,0.9887640449438202
OPC PD vs CTRL,MSigDB Hallmark 2020  KRAS Signaling Up,-0.6975318675964524,1.0,0.956989247311828
OPC PD vs CTRL,MSigDB Hallmark 2020  Myc Targets V2,-0.6933676535103821,1.0,0.9036144578313252
OPC PD vs CTRL,MSigDB Hallmark 2020  p53 Pathway,-0.6254847771786243,1.0,1.0
OPC PD vs CTRL,MSigDB Hallmark 2020  heme Metabolism,-0.6148294563457019,1.0,1.0
OPC PD vs CTRL,MSigDB Hallmark 2020  UV Response Dn,-0.5506158929237442,1.0,1.0
Endo PD vs CTRL,MSigDB Hallmark 2020  Hypoxia,-1.7032568108830877,0.0546462810646104,0.0
Endo PD vs CTRL,MSigDB Hallmark 2020  TNF-alpha Signaling via NF-kB,-1.531536735155712,1.0,0.0109890109890109
Endo PD vs CTRL,MSigDB Hallmark 2020  mTORC1 Signaling,-1.5204766608344913,0.9246150756132092,0.0
Endo PD vs CTRL,MSigDB Hallmark 2020  UV Response Dn,-1.5034163326200498,0.7595833067980855,0.0
Endo PD vs CTRL,MSigDB Hallmark 2020  Glycolysis,-1.4803618867854318,0.7552492914033062,0.0
Endo PD vs CTRL,MSigDB Hallmark 2020  Coagulation,-1.478271237530642,0.7661408605258389,0.0238095238095238
Endo PD vs CTRL,MSigDB Hallmark 2020  IL-2/STAT5 Signaling,-1.4050910789786697,0.8743404970337676,0.021505376344086
Endo PD vs CTRL,MSigDB Hallmark 2020  PI3K/AKT/mTOR  Signaling,-1.403534857910335,0.8528462931483541,0.0229885057471264
Endo PD vs CTRL,MSigDB Hallmark 2020  E2F Targets,-1.395234395947752,0.883692334824206,0.0125
Endo PD vs CTRL,MSigDB Hallmark 2020  p53 Pathway,-1.377903757481493,0.9178706969929274,0.0465116279069767
Endo PD vs CTRL,MSigDB Hallmark 2020  Adipogenesis,-1.3154614037252332,0.960420923261232,0.1195652173913043
Endo PD vs CTRL,MSigDB Hallmark 2020  Cholesterol Homeostasis,-1.2997667200644811,0.9758201772115824,0.0813953488372093
Endo PD vs CTRL,MSigDB Hallmark 2020  Reactive Oxygen Species Pathway,-1.2873145022711527,0.9941619763204922,0.1969696969696969
Endo PD vs CTRL,MSigDB Hallmark 2020  Complement,-1.2738255622904298,0.9792472087733368,0.1473684210526315
Endo PD vs CTRL,MSigDB Hallmark 2020  Epithelial Mesenchymal Transition,-1.270276718805834,0.9761750447032272,0.1444444444444444
Endo PD vs CTRL,MSigDB Hallmark 2020  DNA Repair,-1.2566225885831055,0.9700561521491896,0.2073170731707317
Endo PD vs CTRL,MSigDB Hallmark 2020  UV Response Up,-1.2488309621793323,0.9785346929939578,0.127906976744186
Endo PD vs CTRL,MSigDB Hallmark 2020  Mitotic Spindle,-1.2339420455766816,0.980966743033749,0.0957446808510638
Endo PD vs CTRL,MSigDB Hallmark 2020  Apical Junction,-1.2275541250341848,0.9822637323984924,0.1397849462365591
Endo PD vs CTRL,MSigDB Hallmark 2020  Inflammatory Response,-1.2169828750194354,0.9755947674967104,0.1666666666666666
Endo PD vs CTRL,MSigDB Hallmark 2020  Unfolded Protein Response,-1.216214548391107,0.976027045738578,0.2409638554216867
Endo PD vs CTRL,MSigDB Hallmark 2020  Angiogenesis,-1.2049044949485148,0.9777312608080104,0.2467532467532467
Endo PD vs CTRL,MSigDB Hallmark 2020  Apoptosis,-1.199087968317353,0.971696884911256,0.1868131868131868
Endo PD vs CTRL,MSigDB Hallmark 2020  G2-M Checkpoint,-1.191265526750647,0.9934161761475891,0.2065217391304347
Endo PD vs CTRL,MSigDB Hallmark 2020  Myc Targets V1,-1.1853854505164878,0.9814041947474732,0.1797752808988764
Endo PD vs CTRL,MSigDB Hallmark 2020  Interferon Alpha Response,1.1652562234678383,1.0,0.2
Endo PD vs CTRL,MSigDB Hallmark 2020  TGF-beta Signaling,-1.1495137400833657,0.9714378040632322,0.3058823529411765
Endo PD vs CTRL,MSigDB Hallmark 2020  Interferon Gamma Response,1.1149564125254652,1.0,0.2
Endo PD vs CTRL,MSigDB Hallmark 2020  Notch Signaling,-1.1140741070195692,0.9804161460135248,0.3974358974358974
Endo PD vs CTRL,MSigDB Hallmark 2020  Fatty Acid Metabolism,-1.0928814915927676,0.985205249151854,0.3176470588235294
Endo PD vs CTRL,MSigDB Hallmark 2020  Estrogen Response Early,-1.086749051794612,0.9894023138646902,0.3936170212765957
Endo PD vs CTRL,MSigDB Hallmark 2020  Hedgehog Signaling,-1.0396079910037253,0.9820119733132248,0.4875
Endo PD vs CTRL,MSigDB Hallmark 2020  Bile Acid Metabolism,1.018412726291539,1.0,0.3478260869565217
Endo PD vs CTRL,MSigDB Hallmark 2020  Myogenesis,-1.0109039752178524,0.9827230860339548,0.532608695652174
Endo PD vs CTRL,MSigDB Hallmark 2020  Pperoxisome,-0.975886063131766,0.9860549823397722,0.5061728395061729
Endo PD vs CTRL,MSigDB Hallmark 2020  Xenobiotic Metabolism,-0.9604601198621844,0.9828781604222648,0.6352941176470588
Endo PD vs CTRL,MSigDB Hallmark 2020  Protein Secretion,-0.9602297665451632,0.9827614006920192,0.6022727272727273
Endo PD vs CTRL,MSigDB Hallmark 2020  Oxidative Phosphorylation,-0.9521237149525764,0.9836248293013824,0.525
Endo PD vs CTRL,MSigDB Hallmark 2020  IL-6/JAK/STAT3 Signaling,-0.9263043678875148,0.9947898447586634,0.6162790697674418
Endo PD vs CTRL,MSigDB Hallmark 2020  Androgen Response,-0.922241960796978,0.9952784774639368,0.6363636363636364
Endo PD vs CTRL,MSigDB Hallmark 2020  KRAS Signaling Up,-0.9073387761292822,0.9953548374079249,0.6428571428571429
Endo PD vs CTRL,MSigDB Hallmark 2020  heme Metabolism,-0.9033655050254714,0.9895220521224036,0.6444444444444445
Endo PD vs CTRL,MSigDB Hallmark 2020  Estrogen Response Late,-0.8814648073277611,0.9867496048799546,0.7333333333333333
Endo PD vs CTRL,MSigDB Hallmark 2020  Allograft Rejection,-0.880620171851833,0.987899522225938,0.7012987012987013
Endo PD vs CTRL,MSigDB Hallmark 2020  Spermatogenesis,0.8280645779899014,1.0,0.7777777777777778
Endo PD vs CTRL,MSigDB Hallmark 2020  Apical Surface,-0.7986302359513381,0.9929508300937988,0.7230769230769231
Endo PD vs CTRL,MSigDB Hallmark 2020  Myc Targets V2,-0.7246776279589657,0.9999837789633632,0.847457627118644
Endo PD vs CTRL,MSigDB Hallmark 2020  Pancreas Beta Cells,-0.6663597500206562,1.0,0.8571428571428571
Endo PD vs CTRL,MSigDB Hallmark 2020  KRAS Signaling Dn,-0.6022028276924906,1.0,0.96
Endo PD vs CTRL,MSigDB Hallmark 2020  Wnt-beta Catenin Signaling,0.5788314597677617,1.0,0.9565217391304348
